2025.04.30-00.16.49;cuhslice;00026a6207f5474985e018da4ea98b8f;cuhslice;00026a6207f5474985e018da4ea98b8f;falling;0;PS5;PS5;
2025.04.30-00.18.37;OGz Shogun;0002b3c1884e4c10b0c6850466cbff5d;Angmur;000295d3854249a18ea464d1760050e8;S85;83;XSX;XSX;
2025.04.30-00.24.19;attacker92;0002f53bddbb4b45845d423ee4787691;attacker92;0002f53bddbb4b45845d423ee4787691;suicide_by_relocation;0;XSX;XSX;
2025.04.30-00.53.35;OGz Shogun;0002b3c1884e4c10b0c6850466cbff5d;OGz Shogun;0002b3c1884e4c10b0c6850466cbff5d;suicide_by_relocation;0;XSX;XSX;
2025.04.30-00.59.33;cuhslice;00026a6207f5474985e018da4ea98b8f;cuhslice;00026a6207f5474985e018da4ea98b8f;suicide_by_relocation;0;PS5;PS5;
2025.04.30-01.01.22;attacker92;0002f53bddbb4b45845d423ee4787691;attacker92;0002f53bddbb4b45845d423ee4787691;suicide_by_relocation;0;XSX;XSX;
2025.04.30-01.08.13;OGz DelBoy;0002d8ab00ae449686f761dd9ca119f7;OGz DelBoy;0002d8ab00ae449686f761dd9ca119f7;suicide_by_relocation;0;XSX;XSX;
2025.04.30-01.08.44;Pjmpdaddy82;00023293db1c4b4082f69e2e97e6fd45;Pjmpdaddy82;00023293db1c4b4082f69e2e97e6fd45;suicide_by_relocation;0;XSX;XSX;
2025.04.30-01.20.23;OGz DelBoy;0002d8ab00ae449686f761dd9ca119f7;harmonic_uncle95;00028d9ebed64086bd4445d28ca0543d;P900;13;XSX;PS5;
2025.04.30-01.25.30;Serial Nince;00028d6911a042fa87402625e0b961e0;Serial Nince;00028d6911a042fa87402625e0b961e0;suicide_by_relocation;0;XSX;XSX;
2025.04.30-01.32.59;OGz DelBoy;0002d8ab00ae449686f761dd9ca119f7;Njshh;0002e69a65204b669c20238266782d7b;Grom;10;XSX;PS5;
2025.04.30-01.54.51;OGz DelBoy;0002d8ab00ae449686f761dd9ca119f7;harmonic_uncle95;00028d9ebed64086bd4445d28ca0543d;Grom;10;XSX;PS5;
2025.04.30-01.58.20;iTz_Majestic_;00025375b2da46b79ed22e02a11d7a9a;OGz Shogun;0002b3c1884e4c10b0c6850466cbff5d;UMR45;25;PS5;XSX;
2025.04.30-01.58.21;OGz DelBoy;0002d8ab00ae449686f761dd9ca119f7;iTz_Majestic_;00025375b2da46b79ed22e02a11d7a9a;Grom;20;XSX;PS5;
2025.04.30-01.59.53;OGz DelBoy;0002d8ab00ae449686f761dd9ca119f7;Njshh;0002e69a65204b669c20238266782d7b;VSD;136;XSX;PS5;
2025.04.30-02.07.28;OGz Shogun;0002b3c1884e4c10b0c6850466cbff5d;OGz Shogun;0002b3c1884e4c10b0c6850466cbff5d;suicide_by_relocation;0;XSX;XSX;
2025.04.30-02.20.21;Pjmpdaddy82;00023293db1c4b4082f69e2e97e6fd45;Pjmpdaddy82;00023293db1c4b4082f69e2e97e6fd45;suicide_by_relocation;0;XSX;XSX;
2025.04.30-02.23.22;OGz DelBoy;0002d8ab00ae449686f761dd9ca119f7;OGz DelBoy;0002d8ab00ae449686f761dd9ca119f7;suicide_by_relocation;0;XSX;XSX;
2025.04.30-02.24.48;attacker92;0002f53bddbb4b45845d423ee4787691;attacker92;0002f53bddbb4b45845d423ee4787691;suicide_by_relocation;0;XSX;XSX;
2025.04.30-02.28.34;OGz Shogun;0002b3c1884e4c10b0c6850466cbff5d;BlowinSmoke710;00021e09c61a49bc8965b55765029fcb;BB-19;12;XSX;PS5;
2025.04.30-02.33.30;BlowinSmoke710;00021e09c61a49bc8965b55765029fcb;BlowinSmoke710;00021e09c61a49bc8965b55765029fcb;falling;0;PS5;PS5;
2025.04.30-02.35.53;Njshh;0002e69a65204b669c20238266782d7b;iTz_Majestic_;00025375b2da46b79ed22e02a11d7a9a;AK-SM;37;PS5;PS5;
2025.04.30-02.36.07;OGz Shogun;0002b3c1884e4c10b0c6850466cbff5d;BlowinSmoke710;00021e09c61a49bc8965b55765029fcb;BB-19;23;XSX;PS5;
2025.04.30-02.42.59;Njshh;0002e69a65204b669c20238266782d7b;iTz_Majestic_;00025375b2da46b79ed22e02a11d7a9a;AK-SM;9;PS5;PS5;
2025.04.30-02.46.10;Njshh;0002e69a65204b669c20238266782d7b;cuhslice;00026a6207f5474985e018da4ea98b8f;AR4-M;11;PS5;PS5;
2025.04.30-02.46.30;BlowinSmoke710;00021e09c61a49bc8965b55765029fcb;Njshh;0002e69a65204b669c20238266782d7b;PP-3000;5;PS5;PS5;
2025.04.30-02.56.21;Njshh;0002e69a65204b669c20238266782d7b;cuhslice;00026a6207f5474985e018da4ea98b8f;AK-SM;30;PS5;PS5;
2025.04.30-03.02.17;BlowinSmoke710;00021e09c61a49bc8965b55765029fcb;harmonic_uncle95;00028d9ebed64086bd4445d28ca0543d;AR4-M;8;PS5;PS5;
2025.04.30-03.03.56;Njshh;0002e69a65204b669c20238266782d7b;BlowinSmoke710;00021e09c61a49bc8965b55765029fcb;AK-SM;53;PS5;PS5;
2025.04.30-03.12.27;cuhslice;00026a6207f5474985e018da4ea98b8f;iTz_Majestic_;00025375b2da46b79ed22e02a11d7a9a;PP-3000;1;PS5;PS5;
2025.04.30-03.14.29;harmonic_uncle95;00028d9ebed64086bd4445d28ca0543d;BlowinSmoke710;00021e09c61a49bc8965b55765029fcb;AK-SM;30;PS5;PS5;
2025.04.30-03.14.36;harmonic_uncle95;00028d9ebed64086bd4445d28ca0543d;cuhslice;00026a6207f5474985e018da4ea98b8f;AK-SM;29;PS5;PS5;
2025.04.30-03.25.08;attacker92;0002f53bddbb4b45845d423ee4787691;attacker92;0002f53bddbb4b45845d423ee4787691;suicide_by_relocation;0;XSX;XSX;
2025.04.30-03.33.19;attacker92;0002f53bddbb4b45845d423ee4787691;attacker92;0002f53bddbb4b45845d423ee4787691;suicide_by_relocation;0;XSX;XSX;
2025.04.30-03.51.33;K1llingy0u;0002599a87b3421a9cf41d335c9ddc2c;K1llingy0u;0002599a87b3421a9cf41d335c9ddc2c;suicide_by_relocation;0;XSX;XSX;
2025.04.30-03.52.05;OGz DelBoy;0002d8ab00ae449686f761dd9ca119f7;OGz DelBoy;0002d8ab00ae449686f761dd9ca119f7;suicide_by_relocation;0;XSX;XSX;
2025.04.30-03.59.28;OGz Shogun;0002b3c1884e4c10b0c6850466cbff5d;OGz Shogun;0002b3c1884e4c10b0c6850466cbff5d;falling;0;XSX;XSX;
2025.04.30-04.00.21;Pjmpdaddy82;00023293db1c4b4082f69e2e97e6fd45;Pjmpdaddy82;00023293db1c4b4082f69e2e97e6fd45;suicide_by_relocation;0;XSX;XSX;
2025.04.30-04.17.02;HATERSWATCH;00024afed387453195c040bb85708405;HATERSWATCH;00024afed387453195c040bb85708405;suicide_by_relocation;0;PS5;PS5;
2025.04.30-07.04.44;kryptoniantroop;00028ad033fa4add9f06798eb1697b96;mohahaha06;00021b4d2bf344a28f8121663e264dbb;Berta M9;3;PS5;PS5;
2025.04.30-08.20.03;mohahaha06;00021b4d2bf344a28f8121663e264dbb;kryptoniantroop;00028ad033fa4add9f06798eb1697b96;Mosin-K;3;PS5;PS5;
2025.04.30-09.12.21;ONi OhPeeCee;0002e0b9a4714cc3b73bc8482f37a54c;ONi OhPeeCee;0002e0b9a4714cc3b73bc8482f37a54c;suicide_by_relocation;0;XSX;XSX;
2025.04.30-09.16.50;mohahaha06;00021b4d2bf344a28f8121663e264dbb;mohahaha06;00021b4d2bf344a28f8121663e264dbb;suicide_by_relocation;0;PS5;PS5;
2025.04.30-09.36.29;vAsxre;0002a6f73c2949c6b723071f9ba409dc;vAsxre;0002a6f73c2949c6b723071f9ba409dc;suicide_by_relocation;0;XSX;XSX;
2025.04.30-09.49.23;KBLFC4959;00028d0f27204b5c9d513897decf1552;KBLFC4959;00028d0f27204b5c9d513897decf1552;suicide_by_relocation;0;XSX;XSX;
2025.04.30-09.50.23;ONi OhPeeCee;0002e0b9a4714cc3b73bc8482f37a54c;ONi OhPeeCee;0002e0b9a4714cc3b73bc8482f37a54c;suicide_by_relocation;0;XSX;XSX;
2025.04.30-10.17.40;ZankouNL;00021c362fa448ab9525806f255ef3d4;ZankouNL;00021c362fa448ab9525806f255ef3d4;suicide_by_relocation;0;PS5;PS5;
2025.04.30-10.23.43;KBLFC4959;00028d0f27204b5c9d513897decf1552;ashleebanjo;0002232496f74e698ee39ffe43824446;AR4;5;XSX;PS5;
2025.04.30-10.31.18;mohahaha06;00021b4d2bf344a28f8121663e264dbb;kryptoniantroop;00028ad033fa4add9f06798eb1697b96;AK-SU;2;PS5;PS5;
2025.04.30-10.31.45;kryptoniantroop;00028ad033fa4add9f06798eb1697b96;mohahaha06;00021b4d2bf344a28f8121663e264dbb;Berta M9;1;PS5;PS5;
2025.04.30-10.35.28;ExHyper;000240ecc1ba45d59962bc2d34e0177e;ExHyper;000240ecc1ba45d59962bc2d34e0177e;suicide_by_relocation;0;PS5;PS5;
2025.04.30-10.40.40;ExHyper;000240ecc1ba45d59962bc2d34e0177e;ExHyper;000240ecc1ba45d59962bc2d34e0177e;suicide_by_relocation;0;PS5;PS5;
2025.04.30-10.45.52;ONi OhPeeCee;0002e0b9a4714cc3b73bc8482f37a54c;ONi OhPeeCee;0002e0b9a4714cc3b73bc8482f37a54c;suicide_by_relocation;0;XSX;XSX;
2025.04.30-10.53.57;Eskxmx;000258617f71487ca59d11bbdd8f6c4d;ZankouNL;00021c362fa448ab9525806f255ef3d4;Mosin;106;XSX;PS5;
2025.04.30-11.06.13;Eskxmx;000258617f71487ca59d11bbdd8f6c4d;Eskxmx;000258617f71487ca59d11bbdd8f6c4d;suicide_by_relocation;0;XSX;XSX;
2025.04.30-11.06.43;SoRoKo85PL;00025efa3e374cb5ad975e257213947c;SoRoKo85PL;00025efa3e374cb5ad975e257213947c;suicide_by_relocation;0;PS5;PS5;
2025.04.30-11.14.19;ZoRo8740;0002f4bfa4964fd982602eeeaf3d7448;ZoRo8740;0002f4bfa4964fd982602eeeaf3d7448;falling;0;XSX;XSX;
2025.04.30-11.24.02;Pjmpdaddy82;00023293db1c4b4082f69e2e97e6fd45;Pjmpdaddy82;00023293db1c4b4082f69e2e97e6fd45;suicide_by_relocation;0;XSX;XSX;
2025.04.30-11.37.28;kryptoniantroop;00028ad033fa4add9f06798eb1697b96;kryptoniantroop;00028ad033fa4add9f06798eb1697b96;suicide_by_relocation;0;PS5;PS5;
2025.04.30-11.37.46;AGRRO;0002656da0c54a469d8923cacbed7a9b;AGRRO;0002656da0c54a469d8923cacbed7a9b;suicide_by_relocation;0;XSX;XSX;
2025.04.30-11.41.23;mohahaha06;00021b4d2bf344a28f8121663e264dbb;mohahaha06;00021b4d2bf344a28f8121663e264dbb;suicide_by_relocation;0;PS5;PS5;
2025.04.30-11.48.43;TheOnlyJjr;0002d812f8f048b889d144398756f5d7;kryptoniantroop;00028ad033fa4add9f06798eb1697b96;AK-SU;24;XSX;PS5;
2025.04.30-11.49.15;ZoRo8740;0002f4bfa4964fd982602eeeaf3d7448;mohahaha06;00021b4d2bf344a28f8121663e264dbb;AK-SU;5;XSX;PS5;
2025.04.30-11.49.37;TheOnlyJjr;0002d812f8f048b889d144398756f5d7;kryptoniantroop;00028ad033fa4add9f06798eb1697b96;AK-SU;9;XSX;PS5;
2025.04.30-11.50.10;ZankouNL;00021c362fa448ab9525806f255ef3d4;CroiX-boi;000254191c3f451dac4a99d12f7315c5;S85;72;PS5;PS5;
2025.04.30-11.50.45;mohahaha06;00021b4d2bf344a28f8121663e264dbb;TheOnlyJjr;0002d812f8f048b889d144398756f5d7;AK-SU;24;PS5;XSX;
2025.04.30-11.51.52;ZankouNL;00021c362fa448ab9525806f255ef3d4;CroiX-boi;000254191c3f451dac4a99d12f7315c5;AK-mod;7;PS5;PS5;
2025.04.30-11.53.21;TheOnlyJjr;0002d812f8f048b889d144398756f5d7;mohahaha06;00021b4d2bf344a28f8121663e264dbb;AK-SU;29;XSX;PS5;
2025.04.30-12.11.56;Serial Nince;00028d6911a042fa87402625e0b961e0;Serial Nince;00028d6911a042fa87402625e0b961e0;suicide_by_relocation;0;XSX;XSX;
2025.04.30-12.15.10;cuhslice;00026a6207f5474985e018da4ea98b8f;cuhslice;00026a6207f5474985e018da4ea98b8f;falling;0;PS5;PS5;
2025.04.30-12.20.49;OGz DelBoy;0002d8ab00ae449686f761dd9ca119f7;TedTornado;0002a62a37fe448fa752fb47281e9de7;land_vehicle;1;XSX;XSX;
2025.04.30-12.38.01;AiMz_D-skitter;0002cc7e7c874857b1108202d2244b1a;AiMz_D-skitter;0002cc7e7c874857b1108202d2244b1a;falling;0;PS5;PS5;
2025.04.30-12.38.04;ExHyper;000240ecc1ba45d59962bc2d34e0177e;ExHyper;000240ecc1ba45d59962bc2d34e0177e;suicide_by_relocation;0;PS5;PS5;
2025.04.30-12.47.15;AiMz_Navasdenn;00027fda8eef448d8f44b65105b3b766;KBLFC4959;00028d0f27204b5c9d513897decf1552;MR5;4;PS5;XSX;
2025.04.30-12.48.36;Pjmpdaddy82;00023293db1c4b4082f69e2e97e6fd45;Pjmpdaddy82;00023293db1c4b4082f69e2e97e6fd45;suicide_by_relocation;0;XSX;XSX;
2025.04.30-12.50.35;AiMz_D-skitter;0002cc7e7c874857b1108202d2244b1a;AiMz_D-skitter;0002cc7e7c874857b1108202d2244b1a;falling;0;PS5;PS5;
2025.04.30-13.21.22;OGz DelBoy;0002d8ab00ae449686f761dd9ca119f7;Eskxmx;000258617f71487ca59d11bbdd8f6c4d;VSD;117;XSX;XSX;
2025.04.30-13.28.33;Serial Nince;00028d6911a042fa87402625e0b961e0;Serial Nince;00028d6911a042fa87402625e0b961e0;suicide_by_relocation;0;XSX;XSX;
2025.04.30-13.29.44;ZankouNL;00021c362fa448ab9525806f255ef3d4;CroiX-boi;000254191c3f451dac4a99d12f7315c5;AK-SU;15;PS5;PS5;
2025.04.30-13.41.56;Mr--Silence--;00022b19a9bb4fa7b2f4cc9b6093aa88;Mr--Silence--;00022b19a9bb4fa7b2f4cc9b6093aa88;suicide_by_relocation;0;PS5;PS5;
2025.04.30-13.42.21;cuhslice;00026a6207f5474985e018da4ea98b8f;cuhslice;00026a6207f5474985e018da4ea98b8f;suicide_by_relocation;0;PS5;PS5;
2025.04.30-14.00.53;kapoejim5314;0002d3205b84440ab70cc666a8980019;kapoejim5314;0002d3205b84440ab70cc666a8980019;suicide_by_relocation;0;PS5;PS5;
2025.04.30-14.02.30;BlowinSmoke710;00021e09c61a49bc8965b55765029fcb;BlowinSmoke710;00021e09c61a49bc8965b55765029fcb;suicide_by_relocation;0;PS5;PS5;
2025.04.30-14.08.01;OGz DelBoy;0002d8ab00ae449686f761dd9ca119f7;CroiX-boi;000254191c3f451dac4a99d12f7315c5;UAG;3;XSX;PS5;
2025.04.30-14.08.14;Robbokit;0002500bf2014cecbef2c66b735fb106;Eskxmx;000258617f71487ca59d11bbdd8f6c4d;P900;20;PS5;XSX;
2025.04.30-14.10.49;SupremeFighter_;00021e7e771b43e0a0d39aed21e7149d;WhisperingEye579;0002068e8bb54acfa191b05da8e8a0fe;AK-SM;11;PS5;PS5;
2025.04.30-14.12.55;cuhslice;00026a6207f5474985e018da4ea98b8f;LeoGNS;000237c20f804899a13e212aeb397e41;UMR45;2;PS5;XSX;
2025.04.30-14.12.57;LeoGNS;000237c20f804899a13e212aeb397e41;BlowinSmoke710;00021e09c61a49bc8965b55765029fcb;F-10;8;XSX;PS5;
2025.04.30-14.13.03;Grubster2301;0002dd7f4c1b48df98fd3c96b724e6d2;cuhslice;00026a6207f5474985e018da4ea98b8f;land_vehicle;1;XSX;PS5;
2025.04.30-14.24.27;ZankouNL;00021c362fa448ab9525806f255ef3d4;CroiX-boi;000254191c3f451dac4a99d12f7315c5;AK-mod;27;PS5;PS5;
2025.04.30-14.27.41;Azzymcbo_;0002b615c8274c4487c8e7f17964e213;O-Murphy-O;000231ec84444547b98f5991cbbf693b;AK-mod;14;PS5;PS5;
2025.04.30-14.28.25;Robbokit;0002500bf2014cecbef2c66b735fb106;ashleebanjo;0002232496f74e698ee39ffe43824446;P900;4;PS5;PS5;
2025.04.30-14.28.55;ZankouNL;00021c362fa448ab9525806f255ef3d4;CroiX-boi;000254191c3f451dac4a99d12f7315c5;AK-mod;31;PS5;PS5;
2025.04.30-14.31.23;Azzymcbo_;0002b615c8274c4487c8e7f17964e213;ashleebanjo;0002232496f74e698ee39ffe43824446;AK-mod;18;PS5;PS5;
2025.04.30-14.36.33;Robbokit;0002500bf2014cecbef2c66b735fb106;Angmur;000295d3854249a18ea464d1760050e8;P900;21;PS5;XSX;
2025.04.30-14.38.15;cuhslice;00026a6207f5474985e018da4ea98b8f;cuhslice;00026a6207f5474985e018da4ea98b8f;suicide_by_relocation;0;PS5;PS5;
2025.04.30-14.39.27;OGz Shogun;0002b3c1884e4c10b0c6850466cbff5d;OGz Shogun;0002b3c1884e4c10b0c6850466cbff5d;falling;0;XSX;XSX;
2025.04.30-14.48.06;AiMz_Navasdenn;00027fda8eef448d8f44b65105b3b766;AiMz_Navasdenn;00027fda8eef448d8f44b65105b3b766;suicide_by_relocation;0;PS5;PS5;
2025.04.30-14.58.21;rambodrago90;00026a23192f4895a01c4b2a28ab92cc;rambodrago90;00026a23192f4895a01c4b2a28ab92cc;suicide_by_relocation;0;PS5;PS5;
2025.04.30-14.58.50;Angmur;000295d3854249a18ea464d1760050e8;Angmur;000295d3854249a18ea464d1760050e8;suicide_by_relocation;0;XSX;XSX;
2025.04.30-15.03.35;Mr--Silence--;00022b19a9bb4fa7b2f4cc9b6093aa88;CSTANTON007;00022e5972cd496d96f08718839a246c;AK-SM;11;PS5;XSX;
2025.04.30-15.03.44;ZankouNL;00021c362fa448ab9525806f255ef3d4;Grubster2301;0002dd7f4c1b48df98fd3c96b724e6d2;AK-mod;23;PS5;XSX;
2025.04.30-15.03.58;ZankouNL;00021c362fa448ab9525806f255ef3d4;BUTTWEE17;00020fb09cd8465097f2a93bcd748833;AK-mod;24;PS5;XSX;
2025.04.30-15.05.10;Angmur;000295d3854249a18ea464d1760050e8;Angmur;000295d3854249a18ea464d1760050e8;suicide_by_relocation;0;XSX;XSX;
2025.04.30-15.06.10;cuhslice;00026a6207f5474985e018da4ea98b8f;cuhslice;00026a6207f5474985e018da4ea98b8f;falling;0;PS5;PS5;
2025.04.30-15.13.49;Eskxmx;000258617f71487ca59d11bbdd8f6c4d;Eskxmx;000258617f71487ca59d11bbdd8f6c4d;suicide_by_relocation;0;XSX;XSX;
2025.04.30-15.17.07;Pjmpdaddy82;00023293db1c4b4082f69e2e97e6fd45;Pjmpdaddy82;00023293db1c4b4082f69e2e97e6fd45;suicide_by_relocation;0;XSX;XSX;
2025.04.30-15.19.15;v iRocksTaa x;0002b96792264862824ffdb5f745d2e0;v iRocksTaa x;0002b96792264862824ffdb5f745d2e0;suicide_by_relocation;0;XSX;XSX;
2025.04.30-15.28.26;rxbyncee;0002be264920408f8d5f618ec385c096;rxbyncee;0002be264920408f8d5f618ec385c096;suicide_by_relocation;0;XSX;XSX;
2025.04.30-15.30.52;BlowinSmoke710;00021e09c61a49bc8965b55765029fcb;BlowinSmoke710;00021e09c61a49bc8965b55765029fcb;suicide_by_relocation;0;PS5;PS5;
2025.04.30-15.33.08;SupremeFighter_;00021e7e771b43e0a0d39aed21e7149d;Angmur;000295d3854249a18ea464d1760050e8;AK-SM;15;PS5;XSX;
2025.04.30-15.33.53;LeoGNS;000237c20f804899a13e212aeb397e41;LeoGNS;000237c20f804899a13e212aeb397e41;falling;0;XSX;XSX;
2025.04.30-15.34.18;Robbokit;0002500bf2014cecbef2c66b735fb106;Angmur;000295d3854249a18ea464d1760050e8;VSD;46;PS5;XSX;
2025.04.30-15.37.09;rxbyncee;0002be264920408f8d5f618ec385c096;Angmur;000295d3854249a18ea464d1760050e8;UMR45;1;XSX;XSX;
2025.04.30-15.37.15;Robbokit;0002500bf2014cecbef2c66b735fb106;BlowinSmoke710;00021e09c61a49bc8965b55765029fcb;VSD;59;PS5;PS5;
2025.04.30-15.37.16;Robbokit;0002500bf2014cecbef2c66b735fb106;cuhslice;00026a6207f5474985e018da4ea98b8f;VSD;72;PS5;PS5;
2025.04.30-15.43.06;Robbokit;0002500bf2014cecbef2c66b735fb106;OGz ApexWolf;00025a3d833a4d40bd885e57fa67f015;VSD;56;PS5;XSX;
2025.04.30-15.43.17;Azzymcbo_;0002b615c8274c4487c8e7f17964e213;OGz Shogun;0002b3c1884e4c10b0c6850466cbff5d;AK-mod;22;PS5;XSX;
2025.04.30-15.50.54;Serial Nince;00028d6911a042fa87402625e0b961e0;Serial Nince;00028d6911a042fa87402625e0b961e0;suicide_by_relocation;0;XSX;XSX;
2025.04.30-15.56.14;ExHyper;000240ecc1ba45d59962bc2d34e0177e;ExHyper;000240ecc1ba45d59962bc2d34e0177e;suicide_by_relocation;0;PS5;PS5;
2025.04.30-16.01.55;Serial Nince;00028d6911a042fa87402625e0b961e0;Webbsta824;000234fd0c964e40beeb50b35107e156;S85;98;XSX;XSX;
2025.04.30-16.06.26;cuhslice;00026a6207f5474985e018da4ea98b8f;AiMz_D-skitter;0002cc7e7c874857b1108202d2244b1a;AK-SU;1;PS5;PS5;
2025.04.30-16.12.52;TOPSHOTTOM88;00021fea0ef747d4b5f7d3ef91b756c3;TOPSHOTTOM88;00021fea0ef747d4b5f7d3ef91b756c3;suicide_by_relocation;0;XSX;XSX;
2025.04.30-16.21.49;cuhslice;00026a6207f5474985e018da4ea98b8f;iTz_Majestic_;00025375b2da46b79ed22e02a11d7a9a;AK-SM;20;PS5;PS5;
2025.04.30-16.25.07;BlowinSmoke710;00021e09c61a49bc8965b55765029fcb;AiMz_D-skitter;0002cc7e7c874857b1108202d2244b1a;AK-mod;3;PS5;PS5;
2025.04.30-16.25.56;cuhslice;00026a6207f5474985e018da4ea98b8f;stufig_Pylon7;0002c18855d449dc87fb227585e1cefe;AK-SM;8;PS5;PS5;
2025.04.30-16.26.24;ONi OhPeeCee;0002e0b9a4714cc3b73bc8482f37a54c;ONi OhPeeCee;0002e0b9a4714cc3b73bc8482f37a54c;suicide_by_relocation;0;XSX;XSX;
2025.04.30-16.32.41;ONi OhPeeCee;0002e0b9a4714cc3b73bc8482f37a54c;ONi OhPeeCee;0002e0b9a4714cc3b73bc8482f37a54c;suicide_by_relocation;0;XSX;XSX;
2025.04.30-16.38.40;kapoejim5314;0002d3205b84440ab70cc666a8980019;kapoejim5314;0002d3205b84440ab70cc666a8980019;suicide_by_relocation;0;PS5;PS5;
2025.04.30-16.43.00;Pjmpdaddy82;00023293db1c4b4082f69e2e97e6fd45;Pjmpdaddy82;00023293db1c4b4082f69e2e97e6fd45;suicide_by_relocation;0;XSX;XSX;
2025.04.30-16.51.21;Njshh;0002e69a65204b669c20238266782d7b;HugoSkywaIker;000291a3cda54ebca4823abfdf3c8827;AK-SM;5;PS5;PS5;
2025.04.30-16.51.34;Robbokit;0002500bf2014cecbef2c66b735fb106;Njshh;0002e69a65204b669c20238266782d7b;F-10;25;PS5;PS5;
2025.04.30-17.00.21;OGz DelBoy;0002d8ab00ae449686f761dd9ca119f7;OGz DelBoy;0002d8ab00ae449686f761dd9ca119f7;suicide_by_relocation;0;XSX;XSX;
2025.04.30-17.19.31;Revz3102;0002dd7e36b945b78079a5119914c955;adzqi;00028d58842e4d8c9b96300c2df8f9b9;S85;69;XSX;XSX;
2025.04.30-17.20.00;KT93141;00022ba2df89427c8a252ab6be1df3f3;S7 Fatal;0002b95537f74baeb7a4321b036567ee;AK-SM;18;XSX;XSX;
2025.04.30-17.22.15;adzqi;00028d58842e4d8c9b96300c2df8f9b9;adzqi;00028d58842e4d8c9b96300c2df8f9b9;R-5;0;XSX;XSX;
2025.04.30-17.31.39;attacker92;0002f53bddbb4b45845d423ee4787691;attacker92;0002f53bddbb4b45845d423ee4787691;suicide_by_relocation;0;XSX;XSX;
2025.04.30-17.31.42;adzqi;00028d58842e4d8c9b96300c2df8f9b9;adzqi;00028d58842e4d8c9b96300c2df8f9b9;falling;0;XSX;XSX;
2025.04.30-17.32.12;ONi OhPeeCee;0002e0b9a4714cc3b73bc8482f37a54c;ONi OhPeeCee;0002e0b9a4714cc3b73bc8482f37a54c;suicide_by_relocation;0;XSX;XSX;
2025.04.30-17.34.32;kapoejim5314;0002d3205b84440ab70cc666a8980019;kapoejim5314;0002d3205b84440ab70cc666a8980019;suicide_by_relocation;0;PS5;PS5;
2025.04.30-17.36.02;Serial Nince;00028d6911a042fa87402625e0b961e0;Serial Nince;00028d6911a042fa87402625e0b961e0;suicide_by_relocation;0;XSX;XSX;
2025.04.30-17.37.36;MvTp_Bainesy-boi;00026825f37a480a8ed657011353b262;MvTp_Bainesy-boi;00026825f37a480a8ed657011353b262;suicide_by_relocation;0;PS5;PS5;
2025.04.30-17.40.12;Pjmpdaddy82;00023293db1c4b4082f69e2e97e6fd45;Pjmpdaddy82;00023293db1c4b4082f69e2e97e6fd45;suicide_by_relocation;0;XSX;XSX;
2025.04.30-17.41.17;OGz DelBoy;0002d8ab00ae449686f761dd9ca119f7;OGz DelBoy;0002d8ab00ae449686f761dd9ca119f7;suicide_by_relocation;0;XSX;XSX;
2025.04.30-17.44.51;;;adzqi;00028d58842e4d8c9b96300c2df8f9b9;;1;;XSX;
2025.04.30-17.45.29;AiMz_Navasdenn;00027fda8eef448d8f44b65105b3b766;JJD;00027f3e880b499caefa892c54112c6a;VSD;70;PS5;XSX;
2025.04.30-17.45.47;iTz_Majestic_;00025375b2da46b79ed22e02a11d7a9a;KDN;0002cd52dee34703bb2dcdbc1f356fd1;GRM-40;12;PS5;XSX;
2025.04.30-17.54.04;JoIina;00021dc098b547caafbbebbbc69549d0;JoIina;00021dc098b547caafbbebbbc69549d0;falling;0;PS5;PS5;
2025.04.30-17.55.09;OGz DelBoy;0002d8ab00ae449686f761dd9ca119f7;OGz DelBoy;0002d8ab00ae449686f761dd9ca119f7;suicide_by_relocation;0;XSX;XSX;
2025.04.30-17.55.17;Pjmpdaddy82;00023293db1c4b4082f69e2e97e6fd45;Pjmpdaddy82;00023293db1c4b4082f69e2e97e6fd45;suicide_by_relocation;0;XSX;XSX;
2025.04.30-17.55.40;cuhslice;00026a6207f5474985e018da4ea98b8f;cuhslice;00026a6207f5474985e018da4ea98b8f;suicide_by_relocation;0;PS5;PS5;
2025.04.30-17.59.49;ChokingOnMilk;000274fb6744409d99e98a7435af8f51;ONi OhPeeCee;0002e0b9a4714cc3b73bc8482f37a54c;AK-SU;24;XSX;XSX;
2025.04.30-17.59.56;KT93141;00022ba2df89427c8a252ab6be1df3f3;attacker92;0002f53bddbb4b45845d423ee4787691;AK-SM;21;XSX;XSX;
2025.04.30-17.59.58;attacker92;0002f53bddbb4b45845d423ee4787691;ChokingOnMilk;000274fb6744409d99e98a7435af8f51;R-5;27;XSX;XSX;
2025.04.30-18.05.47;Revz3102;0002dd7e36b945b78079a5119914c955;attacker92;0002f53bddbb4b45845d423ee4787691;IZH-43;9;XSX;XSX;
2025.04.30-18.06.56;TOPSHOTTOM88;00021fea0ef747d4b5f7d3ef91b756c3;TOPSHOTTOM88;00021fea0ef747d4b5f7d3ef91b756c3;suicide_by_relocation;0;XSX;XSX;
2025.04.30-18.08.05;Serial Nince;00028d6911a042fa87402625e0b961e0;Plumpnut420;00021f2db4ab46c6adeec57975400373;Scorp;11;XSX;XSX;
2025.04.30-18.09.25;gtasav2017;0002c5cf68fd4c0bb7f272ce796dbdd5;W33R45C4L5;0002897afc294d9cadc9c58a00605a54;land_vehicle;1;PS5;PS5;
2025.04.30-18.10.37;;;gtasav2017;0002c5cf68fd4c0bb7f272ce796dbdd5;;1;;PS5;
2025.04.30-18.15.48;TOPSHOTTOM88;00021fea0ef747d4b5f7d3ef91b756c3;Plumpnut420;00021f2db4ab46c6adeec57975400373;BB-19;7;XSX;XSX;
2025.04.30-18.17.21;Njshh;0002e69a65204b669c20238266782d7b;Sweet-_-Silent;000277416f994d0f890d01ccf862ed1c;UAG;25;PS5;PS5;
2025.04.30-18.19.41;Plumpnut420;00021f2db4ab46c6adeec57975400373;Serial Nince;00028d6911a042fa87402625e0b961e0;IZH-43;10;XSX;XSX;
2025.04.30-18.20.01;Plumpnut420;00021f2db4ab46c6adeec57975400373;TOPSHOTTOM88;00021fea0ef747d4b5f7d3ef91b756c3;IZH-70;5;XSX;XSX;
2025.04.30-18.20.34;AGRRO;0002656da0c54a469d8923cacbed7a9b;W33R45C4L5;0002897afc294d9cadc9c58a00605a54;AR4;7;XSX;PS5;
2025.04.30-18.20.49;AGRRO;0002656da0c54a469d8923cacbed7a9b;gtasav2017;0002c5cf68fd4c0bb7f272ce796dbdd5;AR4;12;XSX;PS5;
2025.04.30-18.21.03;Njshh;0002e69a65204b669c20238266782d7b;JJD;00027f3e880b499caefa892c54112c6a;UAG;36;PS5;XSX;
2025.04.30-18.22.05;Njshh;0002e69a65204b669c20238266782d7b;KDN;0002cd52dee34703bb2dcdbc1f356fd1;UAG;13;PS5;XSX;
2025.04.30-18.26.14;JJD;00027f3e880b499caefa892c54112c6a;JJD;00027f3e880b499caefa892c54112c6a;suicide_by_relocation;0;XSX;XSX;
2025.04.30-18.26.19;ZankouNL;00021c362fa448ab9525806f255ef3d4;ZankouNL;00021c362fa448ab9525806f255ef3d4;suicide_by_relocation;0;PS5;PS5;
2025.04.30-18.28.07;Wilma_FistFit4;0002fa7b2b3a439ba3abf5a77f267aad;Wilma_FistFit4;0002fa7b2b3a439ba3abf5a77f267aad;suicide_by_relocation;0;PS5;PS5;
2025.04.30-18.28.27;cuhslice;00026a6207f5474985e018da4ea98b8f;cuhslice;00026a6207f5474985e018da4ea98b8f;suicide_by_relocation;0;PS5;PS5;
2025.04.30-18.31.44;S__1872;000226960ae74de19f8fae2ae87c6175;S__1872;000226960ae74de19f8fae2ae87c6175;suicide_by_relocation;0;PS5;PS5;
2025.04.30-18.31.46;Njshh;0002e69a65204b669c20238266782d7b;JJD;00027f3e880b499caefa892c54112c6a;UAG;34;PS5;XSX;
2025.04.30-18.31.59;KDN;0002cd52dee34703bb2dcdbc1f356fd1;Rjiku;0002055916024208a0c00352a448d9ee;BB-19;12;XSX;PS5;
2025.04.30-18.32.04;Njshh;0002e69a65204b669c20238266782d7b;KDN;0002cd52dee34703bb2dcdbc1f356fd1;UAG;17;PS5;XSX;
2025.04.30-18.33.06;KDN;0002cd52dee34703bb2dcdbc1f356fd1;KDN;0002cd52dee34703bb2dcdbc1f356fd1;falling;0;XSX;XSX;
2025.04.30-18.34.13;Njshh;0002e69a65204b669c20238266782d7b;JJD;00027f3e880b499caefa892c54112c6a;UAG;17;PS5;XSX;
2025.04.30-18.34.39;JoIina;00021dc098b547caafbbebbbc69549d0;JoIina;00021dc098b547caafbbebbbc69549d0;suicide_by_relocation;0;PS5;PS5;
2025.04.30-18.37.00;Woodsykiid;0002acd9ff0c42d8a97ebc632b6392ae;Woodsykiid;0002acd9ff0c42d8a97ebc632b6392ae;suicide_by_relocation;0;PS5;PS5;
2025.04.30-18.38.56;JamMaster;00020352fe214a7cadb6a392a7b3b760;JamMaster;00020352fe214a7cadb6a392a7b3b760;suicide_by_relocation;0;XSX;XSX;
2025.04.30-18.39.20;AiMz_Navasdenn;00027fda8eef448d8f44b65105b3b766;iTz_Majestic_;00025375b2da46b79ed22e02a11d7a9a;VSD;2;PS5;PS5;
2025.04.30-18.39.49;iTz_Majestic_;00025375b2da46b79ed22e02a11d7a9a;AiMz_Navasdenn;00027fda8eef448d8f44b65105b3b766;Combat Knife;1;PS5;PS5;
2025.04.30-18.42.54;Serial Nince;00028d6911a042fa87402625e0b961e0;HannahL6;00028da68e304e068d11c7bcf19b631a;AK-SU;4;XSX;XSX;
2025.04.30-18.43.31;ZankouNL;00021c362fa448ab9525806f255ef3d4;Mr--Silence--;00022b19a9bb4fa7b2f4cc9b6093aa88;S85;1;PS5;PS5;
2025.04.30-18.44.47;KDN;0002cd52dee34703bb2dcdbc1f356fd1;gtasav2017;0002c5cf68fd4c0bb7f272ce796dbdd5;BB-19;1;XSX;PS5;
2025.04.30-18.45.03;kapoejim5314;0002d3205b84440ab70cc666a8980019;CroiX-boi;000254191c3f451dac4a99d12f7315c5;RPK-mod;10;PS5;PS5;
2025.04.30-18.45.45;W33R45C4L5;0002897afc294d9cadc9c58a00605a54;KDN;0002cd52dee34703bb2dcdbc1f356fd1;IZH-43;4;PS5;XSX;
2025.04.30-18.45.53;JJD;00027f3e880b499caefa892c54112c6a;W33R45C4L5;0002897afc294d9cadc9c58a00605a54;IZH-43;2;XSX;PS5;
2025.04.30-18.46.11;Jbone4991;00028b65032543f483b2f125e57c3681;gtasav2017;0002c5cf68fd4c0bb7f272ce796dbdd5;TTk;3;XSX;PS5;
2025.04.30-18.46.14;JJD;00027f3e880b499caefa892c54112c6a;W33R45C4L5;0002897afc294d9cadc9c58a00605a54;IZH-43;1;XSX;PS5;
2025.04.30-18.46.25;ashleebanjo;0002232496f74e698ee39ffe43824446;ashleebanjo;0002232496f74e698ee39ffe43824446;suicide_by_relocation;0;PS5;PS5;
2025.04.30-18.46.57;Serial Nince;00028d6911a042fa87402625e0b961e0;Jbone4991;00028b65032543f483b2f125e57c3681;AK-SU;7;XSX;XSX;
2025.04.30-18.47.21;Pjmpdaddy82;00023293db1c4b4082f69e2e97e6fd45;Pjmpdaddy82;00023293db1c4b4082f69e2e97e6fd45;suicide_by_relocation;0;XSX;XSX;
2025.04.30-18.47.30;OGz DelBoy;0002d8ab00ae449686f761dd9ca119f7;OGz DelBoy;0002d8ab00ae449686f761dd9ca119f7;suicide_by_relocation;0;XSX;XSX;
2025.04.30-18.48.05;TOPSHOTTOM88;00021fea0ef747d4b5f7d3ef91b756c3;gtasav2017;0002c5cf68fd4c0bb7f272ce796dbdd5;BB-19;1;XSX;PS5;
2025.04.30-18.48.23;JJD;00027f3e880b499caefa892c54112c6a;gtasav2017;0002c5cf68fd4c0bb7f272ce796dbdd5;IZH-43;2;XSX;PS5;
2025.04.30-18.49.34;Woodsykiid;0002acd9ff0c42d8a97ebc632b6392ae;Kurt FTP;0002c04cb90d46af9f6e46aeecae47b6;AR4-M;10;PS5;XSX;
2025.04.30-18.50.42;CroiX-boi;000254191c3f451dac4a99d12f7315c5;CroiX-boi;000254191c3f451dac4a99d12f7315c5;suicide_by_relocation;0;PS5;PS5;
2025.04.30-18.51.22;C0NY3R5;00028dd61c6b45d591c9d3b60c01a2b8;Kurt FTP;0002c04cb90d46af9f6e46aeecae47b6;IZH-70;50;XSX;XSX;
2025.04.30-18.51.25;KDN;0002cd52dee34703bb2dcdbc1f356fd1;gtasav2017;0002c5cf68fd4c0bb7f272ce796dbdd5;land_vehicle;1;XSX;PS5;
2025.04.30-18.52.59;OGz DelBoy;0002d8ab00ae449686f761dd9ca119f7;MvTp_Bainesy-boi;00026825f37a480a8ed657011353b262;VSD;393;XSX;PS5;
2025.04.30-18.53.47;Kurt FTP;0002c04cb90d46af9f6e46aeecae47b6;Kurt FTP;0002c04cb90d46af9f6e46aeecae47b6;falling;0;XSX;XSX;
2025.04.30-18.57.06;W33R45C4L5;0002897afc294d9cadc9c58a00605a54;Kurt FTP;0002c04cb90d46af9f6e46aeecae47b6;TTk;1;PS5;XSX;
2025.04.30-18.59.16;rambodrago90;00026a23192f4895a01c4b2a28ab92cc;CroiX-boi;000254191c3f451dac4a99d12f7315c5;UMR45;13;PS5;PS5;
2025.04.30-18.59.22;SupremeFighter_;00021e7e771b43e0a0d39aed21e7149d;JoIina;00021dc098b547caafbbebbbc69549d0;AK-SM;41;PS5;PS5;
2025.04.30-18.59.50;Rjiku;0002055916024208a0c00352a448d9ee;kapoejim5314;0002d3205b84440ab70cc666a8980019;AK-SM;13;PS5;PS5;
2025.04.30-19.00.30;Kurt FTP;0002c04cb90d46af9f6e46aeecae47b6;Kurt FTP;0002c04cb90d46af9f6e46aeecae47b6;F-10;0;XSX;XSX;
2025.04.30-19.01.30;Kurt FTP;0002c04cb90d46af9f6e46aeecae47b6;Kurt FTP;0002c04cb90d46af9f6e46aeecae47b6;R-5;0;XSX;XSX;
2025.04.30-19.05.18;Plumpnut420;00021f2db4ab46c6adeec57975400373;Plumpnut420;00021f2db4ab46c6adeec57975400373;suicide_by_relocation;0;XSX;XSX;
2025.04.30-19.06.24;gtasav2017;0002c5cf68fd4c0bb7f272ce796dbdd5;Kurt FTP;0002c04cb90d46af9f6e46aeecae47b6;IZH-43;15;PS5;XSX;
2025.04.30-19.10.16;ZankouNL;00021c362fa448ab9525806f255ef3d4;CroiX-boi;000254191c3f451dac4a99d12f7315c5;AK-mod;14;PS5;PS5;
2025.04.30-19.13.37;Njshh;0002e69a65204b669c20238266782d7b;kapoejim5314;0002d3205b84440ab70cc666a8980019;UAG;11;PS5;PS5;
2025.04.30-19.14.37;ZankouNL;00021c362fa448ab9525806f255ef3d4;CroiX-boi;000254191c3f451dac4a99d12f7315c5;AK-mod;2;PS5;PS5;
2025.04.30-19.15.43;Serial Nince;00028d6911a042fa87402625e0b961e0;Serial Nince;00028d6911a042fa87402625e0b961e0;suicide_by_relocation;0;XSX;XSX;
2025.04.30-19.16.25;Njshh;0002e69a65204b669c20238266782d7b;Showbinkie;00024cc1276d4195b7e0c29cec0e2544;UAG;11;PS5;PS5;
2025.04.30-19.17.39;Njshh;0002e69a65204b669c20238266782d7b;kapoejim5314;0002d3205b84440ab70cc666a8980019;UAG;43;PS5;PS5;
2025.04.30-19.17.45;HallagerTheDane;00024d4be1e44ba0aa342b39b0fb9937;HallagerTheDane;00024d4be1e44ba0aa342b39b0fb9937;suicide_by_relocation;0;PS5;PS5;
2025.04.30-19.17.45;CroiX-boi;000254191c3f451dac4a99d12f7315c5;Fade Sloth;00027ca9026b496fb45cb5eeaceeab22;IZH-43;1;PS5;XSX;
2025.04.30-19.20.12;cuhslice;00026a6207f5474985e018da4ea98b8f;cuhslice;00026a6207f5474985e018da4ea98b8f;suicide_by_relocation;0;PS5;PS5;
2025.04.30-19.20.51;Serial Nince;00028d6911a042fa87402625e0b961e0;CroiX-boi;000254191c3f451dac4a99d12f7315c5;Scorp;16;XSX;PS5;
2025.04.30-19.20.54;ashleebanjo;0002232496f74e698ee39ffe43824446;HallagerTheDane;00024d4be1e44ba0aa342b39b0fb9937;IZH-43;3;PS5;PS5;
2025.04.30-19.21.44;cuhslice;00026a6207f5474985e018da4ea98b8f;ashleebanjo;0002232496f74e698ee39ffe43824446;R-5;12;PS5;PS5;
2025.04.30-19.22.43;JoIina;00021dc098b547caafbbebbbc69549d0;JoIina;00021dc098b547caafbbebbbc69549d0;suicide_by_relocation;0;PS5;PS5;
2025.04.30-19.23.00;gtm-assassin;00021e32a2fe49ce972957b4473126a1;MvTp_Bainesy-boi;00026825f37a480a8ed657011353b262;BB-19;9;PS5;PS5;
2025.04.30-19.23.04;Sheogorath7846;00023ce2c5e54ff88c01da03cbdcba3c;gtm-assassin;00021e32a2fe49ce972957b4473126a1;Skar;25;XSX;PS5;
2025.04.30-19.23.07;HallagerTheDane;00024d4be1e44ba0aa342b39b0fb9937;cuhslice;00026a6207f5474985e018da4ea98b8f;VSD;155;PS5;PS5;
2025.04.30-19.23.56;Serial Nince;00028d6911a042fa87402625e0b961e0;Serial Nince;00028d6911a042fa87402625e0b961e0;suicide_by_relocation;0;XSX;XSX;
2025.04.30-19.23.58;Sheogorath7846;00023ce2c5e54ff88c01da03cbdcba3c;Goosefox89;000207050f484bdc87b4161cd8ce95da;Skar;19;XSX;PS5;
2025.04.30-19.25.05;Sheogorath7846;00023ce2c5e54ff88c01da03cbdcba3c;Goosefox89;000207050f484bdc87b4161cd8ce95da;Skar;2;XSX;PS5;
2025.04.30-19.25.58;Plumpnut420;00021f2db4ab46c6adeec57975400373;P3 PickleRick;0002fdc4364643dc958825df1204a8ee;land_vehicle;1;XSX;XSX;
2025.04.30-19.26.58;RevuedIsToxic;00024095e79e40619f8c817df5ff4f6a;Goosefox89;000207050f484bdc87b4161cd8ce95da;BB-19;5;PS5;PS5;
2025.04.30-19.27.28;Sheogorath7846;00023ce2c5e54ff88c01da03cbdcba3c;CroiX-boi;000254191c3f451dac4a99d12f7315c5;Skar;45;XSX;PS5;
2025.04.30-19.31.38;JoIina;00021dc098b547caafbbebbbc69549d0;JoIina;00021dc098b547caafbbebbbc69549d0;suicide_by_relocation;0;PS5;PS5;
2025.04.30-19.31.58;Goosefox89;000207050f484bdc87b4161cd8ce95da;Goosefox89;000207050f484bdc87b4161cd8ce95da;falling;0;PS5;PS5;
2025.04.30-19.32.06;cuhslice;00026a6207f5474985e018da4ea98b8f;cuhslice;00026a6207f5474985e018da4ea98b8f;suicide_by_relocation;0;PS5;PS5;
2025.04.30-19.33.50;C0NY3R5;00028dd61c6b45d591c9d3b60c01a2b8;W33R45C4L5;0002897afc294d9cadc9c58a00605a54;BB-19;5;XSX;PS5;
2025.04.30-19.34.19;S__1872;000226960ae74de19f8fae2ae87c6175;C0NY3R5;00028dd61c6b45d591c9d3b60c01a2b8;S85;35;PS5;XSX;
2025.04.30-19.36.25;S__1872;000226960ae74de19f8fae2ae87c6175;gtasav2017;0002c5cf68fd4c0bb7f272ce796dbdd5;AK-SM;20;PS5;PS5;
2025.04.30-19.38.17;AiMz_Navasdenn;00027fda8eef448d8f44b65105b3b766;AiMz_Navasdenn;00027fda8eef448d8f44b65105b3b766;suicide_by_relocation;0;PS5;PS5;
2025.04.30-19.38.22;ZankouNL;00021c362fa448ab9525806f255ef3d4;MvTp_Bainesy-boi;00026825f37a480a8ed657011353b262;AK-mod;66;PS5;PS5;
2025.04.30-19.40.00;ZankouNL;00021c362fa448ab9525806f255ef3d4;MvTp_Bainesy-boi;00026825f37a480a8ed657011353b262;AK-mod;14;PS5;PS5;
2025.04.30-19.40.10;Robbokit;0002500bf2014cecbef2c66b735fb106;AiMz_D-skitter;0002cc7e7c874857b1108202d2244b1a;VSD;81;PS5;PS5;
2025.04.30-19.41.15;kapoejim5314;0002d3205b84440ab70cc666a8980019;kapoejim5314;0002d3205b84440ab70cc666a8980019;suicide_by_relocation;0;PS5;PS5;
2025.04.30-19.41.19;iTz_Majestic_;00025375b2da46b79ed22e02a11d7a9a;C0NY3R5;00028dd61c6b45d591c9d3b60c01a2b8;Mosin;174;PS5;XSX;
2025.04.30-19.41.45;Jiggy_Jucs;00023762cf9e4b7599095354e63c5d5d;Jiggy_Jucs;00023762cf9e4b7599095354e63c5d5d;suicide_by_relocation;0;PS5;PS5;
2025.04.30-19.41.52;Showbinkie;00024cc1276d4195b7e0c29cec0e2544;Showbinkie;00024cc1276d4195b7e0c29cec0e2544;suicide_by_relocation;0;PS5;PS5;
2025.04.30-19.42.39;OGz DelBoy;0002d8ab00ae449686f761dd9ca119f7;cuhslice;00026a6207f5474985e018da4ea98b8f;VSD;70;XSX;PS5;
2025.04.30-19.42.49;Mr--Silence--;00022b19a9bb4fa7b2f4cc9b6093aa88;Mr--Silence--;00022b19a9bb4fa7b2f4cc9b6093aa88;suicide_by_relocation;0;PS5;PS5;
2025.04.30-19.44.46;Sheogorath7846;00023ce2c5e54ff88c01da03cbdcba3c;cuhslice;00026a6207f5474985e018da4ea98b8f;Skar;2;XSX;PS5;
2025.04.30-19.45.05;ZankouNL;00021c362fa448ab9525806f255ef3d4;Sheogorath7846;00023ce2c5e54ff88c01da03cbdcba3c;AK-mod;39;PS5;XSX;
2025.04.30-19.45.06;rambodrago90;00026a23192f4895a01c4b2a28ab92cc;MvTp_Bainesy-boi;00026825f37a480a8ed657011353b262;UAG;5;PS5;PS5;
2025.04.30-19.45.14;Robbokit;0002500bf2014cecbef2c66b735fb106;AiMz_Navasdenn;00027fda8eef448d8f44b65105b3b766;R-5;10;PS5;PS5;
2025.04.30-19.45.39;g36c_granate;00029b8eaf7a4ff8819855bf8046388b;g36c_granate;00029b8eaf7a4ff8819855bf8046388b;suicide_by_relocation;0;PS5;PS5;
2025.04.30-19.46.12;Sheogorath7846;00023ce2c5e54ff88c01da03cbdcba3c;ZankouNL;00021c362fa448ab9525806f255ef3d4;P900;3;XSX;PS5;
2025.04.30-19.46.12;MvTp_Bainesy-boi;00026825f37a480a8ed657011353b262;rambodrago90;00026a23192f4895a01c4b2a28ab92cc;MR5;1;PS5;PS5;
2025.04.30-19.47.24;Robbokit;0002500bf2014cecbef2c66b735fb106;AiMz_D-skitter;0002cc7e7c874857b1108202d2244b1a;P900;6;PS5;PS5;
2025.04.30-19.48.03;ZankouNL;00021c362fa448ab9525806f255ef3d4;Sheogorath7846;00023ce2c5e54ff88c01da03cbdcba3c;P900;5;PS5;XSX;
2025.04.30-19.48.23;Grubster2301;0002dd7f4c1b48df98fd3c96b724e6d2;ZankouNL;00021c362fa448ab9525806f255ef3d4;AK-SU;21;XSX;PS5;
2025.04.30-19.48.38;CSTANTON007;00022e5972cd496d96f08718839a246c;Mr--Silence--;00022b19a9bb4fa7b2f4cc9b6093aa88;Sawed-Off Shotgun;7;XSX;PS5;
2025.04.30-19.49.53;ashleebanjo;0002232496f74e698ee39ffe43824446;AiMz_Navasdenn;00027fda8eef448d8f44b65105b3b766;AK-SM;3;PS5;PS5;
2025.04.30-19.52.41;Grubster2301;0002dd7f4c1b48df98fd3c96b724e6d2;ZankouNL;00021c362fa448ab9525806f255ef3d4;AK-SU;10;XSX;PS5;
2025.04.30-19.53.09;CSTANTON007;00022e5972cd496d96f08718839a246c;rambodrago90;00026a23192f4895a01c4b2a28ab92cc;AK-SU;39;XSX;PS5;
2025.04.30-19.53.22;Grubster2301;0002dd7f4c1b48df98fd3c96b724e6d2;Mr--Silence--;00022b19a9bb4fa7b2f4cc9b6093aa88;AK-SU;118;XSX;PS5;
2025.04.30-19.54.11;Plumpnut420;00021f2db4ab46c6adeec57975400373;AiMz_D-skitter;0002cc7e7c874857b1108202d2244b1a;BB-19;46;XSX;PS5;
2025.04.30-19.54.24;Plumpnut420;00021f2db4ab46c6adeec57975400373;AiMz_Navasdenn;00027fda8eef448d8f44b65105b3b766;BB-19;10;XSX;PS5;
2025.04.30-19.55.32;Showbinkie;00024cc1276d4195b7e0c29cec0e2544;Showbinkie;00024cc1276d4195b7e0c29cec0e2544;suicide_by_relocation;0;PS5;PS5;
2025.04.30-19.58.05;Grubster2301;0002dd7f4c1b48df98fd3c96b724e6d2;Mr--Silence--;00022b19a9bb4fa7b2f4cc9b6093aa88;AK-SM;64;XSX;PS5;
2025.04.30-19.58.19;Grubster2301;0002dd7f4c1b48df98fd3c96b724e6d2;rambodrago90;00026a23192f4895a01c4b2a28ab92cc;AK-SM;122;XSX;PS5;
2025.04.30-19.58.31;CSTANTON007;00022e5972cd496d96f08718839a246c;ZankouNL;00021c362fa448ab9525806f255ef3d4;AK-SU;11;XSX;PS5;
2025.04.30-20.00.34;stufig_Pylon7;0002c18855d449dc87fb227585e1cefe;SupremeFighter_;00021e7e771b43e0a0d39aed21e7149d;MG-36;3;PS5;PS5;
2025.04.30-20.00.45;Showbinkie;00024cc1276d4195b7e0c29cec0e2544;Showbinkie;00024cc1276d4195b7e0c29cec0e2544;suicide_by_relocation;0;PS5;PS5;
2025.04.30-20.01.53;Robbokit;0002500bf2014cecbef2c66b735fb106;iTz_Majestic_;00025375b2da46b79ed22e02a11d7a9a;VSD;55;PS5;PS5;
2025.04.30-20.03.10;kapoejim5314;0002d3205b84440ab70cc666a8980019;kapoejim5314;0002d3205b84440ab70cc666a8980019;suicide_by_relocation;0;PS5;PS5;
2025.04.30-20.11.16;ProEamzy;0002af7cf1314bf7ab62e2780b9dbf09;IlBaileyIl;000292fe01ec4018bd2dc3c8d398a2d9;UAG;5;XSX;XSX;
2025.04.30-20.11.44;ChokingOnMilk;000274fb6744409d99e98a7435af8f51;ChokingOnMilk;000274fb6744409d99e98a7435af8f51;suicide_by_relocation;0;XSX;XSX;
2025.04.30-20.12.23;MvTp_Bainesy-boi;00026825f37a480a8ed657011353b262;MvTp_Bainesy-boi;00026825f37a480a8ed657011353b262;suicide_by_relocation;0;PS5;PS5;
2025.04.30-20.13.21;Sheogorath7846;00023ce2c5e54ff88c01da03cbdcba3c;Sheogorath7846;00023ce2c5e54ff88c01da03cbdcba3c;suicide_by_relocation;0;XSX;XSX;
2025.04.30-20.13.34;kapoejim5314;0002d3205b84440ab70cc666a8980019;kapoejim5314;0002d3205b84440ab70cc666a8980019;suicide_by_relocation;0;PS5;PS5;
2025.04.30-20.13.38;Revz3102;0002dd7e36b945b78079a5119914c955;Revz3102;0002dd7e36b945b78079a5119914c955;suicide_by_relocation;0;XSX;XSX;
2025.04.30-20.16.32;Serial Nince;00028d6911a042fa87402625e0b961e0;Serial Nince;00028d6911a042fa87402625e0b961e0;suicide_by_relocation;0;XSX;XSX;
2025.04.30-20.16.41;Showbinkie;00024cc1276d4195b7e0c29cec0e2544;Showbinkie;00024cc1276d4195b7e0c29cec0e2544;suicide_by_relocation;0;PS5;PS5;
2025.04.30-20.21.20;Robbokit;0002500bf2014cecbef2c66b735fb106;S__1872;000226960ae74de19f8fae2ae87c6175;P900;5;PS5;PS5;
2025.04.30-20.26.29;Njshh;0002e69a65204b669c20238266782d7b;AGRRO;0002656da0c54a469d8923cacbed7a9b;UAG;54;PS5;XSX;
2025.04.30-20.26.43;Njshh;0002e69a65204b669c20238266782d7b;vAsxre;0002a6f73c2949c6b723071f9ba409dc;UAG;98;PS5;XSX;
2025.04.30-20.27.58;attacker92;0002f53bddbb4b45845d423ee4787691;attacker92;0002f53bddbb4b45845d423ee4787691;suicide_by_relocation;0;XSX;XSX;
2025.04.30-20.28.08;ONi OhPeeCee;0002e0b9a4714cc3b73bc8482f37a54c;ONi OhPeeCee;0002e0b9a4714cc3b73bc8482f37a54c;suicide_by_relocation;0;XSX;XSX;
2025.04.30-20.32.47;SupremeFighter_;00021e7e771b43e0a0d39aed21e7149d;Woodsykiid;0002acd9ff0c42d8a97ebc632b6392ae;AK-mod;27;PS5;PS5;
2025.04.30-20.32.49;SupremeFighter_;00021e7e771b43e0a0d39aed21e7149d;S__1872;000226960ae74de19f8fae2ae87c6175;AK-mod;41;PS5;PS5;
2025.04.30-20.38.02;ProEamzy;0002af7cf1314bf7ab62e2780b9dbf09;Wilma_FistFit4;0002fa7b2b3a439ba3abf5a77f267aad;Mosin;82;XSX;PS5;
2025.04.30-20.38.08;ashleebanjo;0002232496f74e698ee39ffe43824446;ONi OhPeeCee;0002e0b9a4714cc3b73bc8482f37a54c;AR4;9;PS5;XSX;
2025.04.30-20.38.19;Pjmpdaddy82;00023293db1c4b4082f69e2e97e6fd45;Pjmpdaddy82;00023293db1c4b4082f69e2e97e6fd45;suicide_by_relocation;0;XSX;XSX;
2025.04.30-20.38.23;ashleebanjo;0002232496f74e698ee39ffe43824446;attacker92;0002f53bddbb4b45845d423ee4787691;AR4;9;PS5;XSX;
2025.04.30-20.38.41;vAsxre;0002a6f73c2949c6b723071f9ba409dc;vAsxre;0002a6f73c2949c6b723071f9ba409dc;suicide_by_relocation;0;XSX;XSX;
2025.04.30-20.40.21;OGz Trigger;0002999fd14f4fc8991b53e02c17dc5c;AlexB6663;0002ca8d50a440c4a51b47b324d02c9b;Mosin;383;XSX;XSX;
2025.04.30-20.42.00;Woodsykiid;0002acd9ff0c42d8a97ebc632b6392ae;Woodsykiid;0002acd9ff0c42d8a97ebc632b6392ae;falling;0;PS5;PS5;
2025.04.30-20.45.31;SupremeFighter_;00021e7e771b43e0a0d39aed21e7149d;MvTp_Bainesy-boi;00026825f37a480a8ed657011353b262;Mosin;64;PS5;PS5;
2025.04.30-20.47.10;Robbokit;0002500bf2014cecbef2c66b735fb106;MvTp_Bainesy-boi;00026825f37a480a8ed657011353b262;VSD;106;PS5;PS5;
2025.04.30-20.48.17;JoIina;00021dc098b547caafbbebbbc69549d0;JoIina;00021dc098b547caafbbebbbc69549d0;suicide_by_relocation;0;PS5;PS5;
2025.04.30-20.49.15;AiMz_D-skitter;0002cc7e7c874857b1108202d2244b1a;Wilma_FistFit4;0002fa7b2b3a439ba3abf5a77f267aad;N4;23;PS5;PS5;
2025.04.30-20.50.30;not_againOOHS;0002d80c512b44f1a1398abae384854d;not_againOOHS;0002d80c512b44f1a1398abae384854d;suicide_by_relocation;0;PS5;PS5;
2025.04.30-20.52.25;Soaporific;0002d39fe59d43dda7461fdbf9d65bd9;Soaporific;0002d39fe59d43dda7461fdbf9d65bd9;suicide_by_relocation;0;PS5;PS5;
2025.04.30-20.53.00;lI4700;0002a1adce274857800e0bbd42cc01ea;lI4700;0002a1adce274857800e0bbd42cc01ea;falling;0;XSX;XSX;
2025.04.30-20.53.26;Rjiku;0002055916024208a0c00352a448d9ee;Goosefox89;000207050f484bdc87b4161cd8ce95da;RPK-mod;44;PS5;PS5;
2025.04.30-20.55.25;Robbokit;0002500bf2014cecbef2c66b735fb106;MvTp_Bainesy-boi;00026825f37a480a8ed657011353b262;VSD;132;PS5;PS5;
2025.04.30-20.56.10;JoIina;00021dc098b547caafbbebbbc69549d0;not_againOOHS;0002d80c512b44f1a1398abae384854d;Berta M9;1;PS5;PS5;
2025.04.30-20.57.12;JoIina;00021dc098b547caafbbebbbc69549d0;Soaporific;0002d39fe59d43dda7461fdbf9d65bd9;Berta M9;2;PS5;PS5;
2025.04.30-20.57.56;Showbinkie;00024cc1276d4195b7e0c29cec0e2544;Jiggy_Jucs;00023762cf9e4b7599095354e63c5d5d;UAG;2;PS5;PS5;
2025.04.30-20.58.09;JoIina;00021dc098b547caafbbebbbc69549d0;Soaporific;0002d39fe59d43dda7461fdbf9d65bd9;Berta M9;1;PS5;PS5;
2025.04.30-20.58.30;Showbinkie;00024cc1276d4195b7e0c29cec0e2544;Jiggy_Jucs;00023762cf9e4b7599095354e63c5d5d;Combat Knife;0;PS5;PS5;
2025.04.30-21.00.10;JoIina;00021dc098b547caafbbebbbc69549d0;JoIina;00021dc098b547caafbbebbbc69549d0;suicide_by_relocation;0;PS5;PS5;
2025.04.30-21.00.33;OGz DelBoy;0002d8ab00ae449686f761dd9ca119f7;GraveReplayz;00026eff2d744001be642d3f776b7735;UAG;13;XSX;XSX;
2025.04.30-21.00.50;OGz DelBoy;0002d8ab00ae449686f761dd9ca119f7;AlexB6663;0002ca8d50a440c4a51b47b324d02c9b;UAG;12;XSX;XSX;
2025.04.30-21.01.22;Robbokit;0002500bf2014cecbef2c66b735fb106;MvTp_Bainesy-boi;00026825f37a480a8ed657011353b262;VSD;151;PS5;PS5;
2025.04.30-21.02.10;V2Z POwa;000221de815f4c2798c20be211fca7bc;V2Z R4PT0R;0002b347fd564463a2b5d5bc0cc392a2;IZH-43;22;XSX;XSX;
2025.04.30-21.02.45;GraveReplayz;00026eff2d744001be642d3f776b7735;GraveReplayz;00026eff2d744001be642d3f776b7735;falling;0;XSX;XSX;
2025.04.30-21.03.21;Soaporific;0002d39fe59d43dda7461fdbf9d65bd9;Soaporific;0002d39fe59d43dda7461fdbf9d65bd9;suicide_by_relocation;0;PS5;PS5;
2025.04.30-21.03.39;V2Z POwa;000221de815f4c2798c20be211fca7bc;V2Z SoShu;0002a299839a4d6c9962c22168e0f358;Sawed-Off Shotgun;1;XSX;XSX;
2025.04.30-21.03.46;V2Z POwa;000221de815f4c2798c20be211fca7bc;TDV Atome;00029783d77046e6b59c2831ccf9f169;Sawed-Off Shotgun;1;XSX;XSX;
2025.04.30-21.04.15;not_againOOHS;0002d80c512b44f1a1398abae384854d;not_againOOHS;0002d80c512b44f1a1398abae384854d;suicide_by_relocation;0;PS5;PS5;
2025.04.30-21.05.22;Soaporific;0002d39fe59d43dda7461fdbf9d65bd9;not_againOOHS;0002d80c512b44f1a1398abae384854d;Berta M9;5;PS5;PS5;
2025.04.30-21.05.26;Pjmpdaddy82;00023293db1c4b4082f69e2e97e6fd45;Pjmpdaddy82;00023293db1c4b4082f69e2e97e6fd45;suicide_by_relocation;0;XSX;XSX;
2025.04.30-21.08.08;MvTp_Bainesy-boi;00026825f37a480a8ed657011353b262;MvTp_Bainesy-boi;00026825f37a480a8ed657011353b262;suicide_by_relocation;0;PS5;PS5;
2025.04.30-21.10.36;not_againOOHS;0002d80c512b44f1a1398abae384854d;not_againOOHS;0002d80c512b44f1a1398abae384854d;suicide_by_relocation;0;PS5;PS5;
2025.04.30-21.11.34;Soaporific;0002d39fe59d43dda7461fdbf9d65bd9;Soaporific;0002d39fe59d43dda7461fdbf9d65bd9;suicide_by_relocation;0;PS5;PS5;
2025.04.30-21.12.40;Soaporific;0002d39fe59d43dda7461fdbf9d65bd9;not_againOOHS;0002d80c512b44f1a1398abae384854d;Berta M9;3;PS5;PS5;
2025.04.30-21.14.41;AiMz_Navasdenn;00027fda8eef448d8f44b65105b3b766;zIsmajo-EU;00028271a6a54598899987a851aa9a87;NK417;32;PS5;PS5;
2025.04.30-21.15.33;OGz DelBoy;0002d8ab00ae449686f761dd9ca119f7;OGz DelBoy;0002d8ab00ae449686f761dd9ca119f7;Dynamite;0;XSX;XSX;
2025.04.30-21.17.01;GraveReplayz;00026eff2d744001be642d3f776b7735;GraveReplayz;00026eff2d744001be642d3f776b7735;suicide_by_relocation;0;XSX;XSX;
2025.04.30-21.17.11;TedTornado;0002a62a37fe448fa752fb47281e9de7;GraveReplayz;00026eff2d744001be642d3f776b7735;AR4-M;4;XSX;XSX;
2025.04.30-21.17.14;Soaporific;0002d39fe59d43dda7461fdbf9d65bd9;not_againOOHS;0002d80c512b44f1a1398abae384854d;Berta M9;0;PS5;PS5;
2025.04.30-21.17.42;Robbokit;0002500bf2014cecbef2c66b735fb106;Sheogorath7846;00023ce2c5e54ff88c01da03cbdcba3c;Grom;6;PS5;XSX;
2025.04.30-21.17.51;SupremeFighter_;00021e7e771b43e0a0d39aed21e7149d;MvTp_Bainesy-boi;00026825f37a480a8ed657011353b262;AK-mod;8;PS5;PS5;
2025.04.30-21.18.01;Pjmpdaddy82;00023293db1c4b4082f69e2e97e6fd45;ChokingOnMilk;000274fb6744409d99e98a7435af8f51;VSD;181;XSX;XSX;
2025.04.30-21.18.03;Soaporific;0002d39fe59d43dda7461fdbf9d65bd9;Soaporific;0002d39fe59d43dda7461fdbf9d65bd9;suicide_by_relocation;0;PS5;PS5;
2025.04.30-21.18.56;Revz3102;0002dd7e36b945b78079a5119914c955;OGz DelBoy;0002d8ab00ae449686f761dd9ca119f7;Mosin;272;XSX;XSX;
2025.04.30-21.19.04;Robbokit;0002500bf2014cecbef2c66b735fb106;MvTp_Bainesy-boi;00026825f37a480a8ed657011353b262;VSD;244;PS5;PS5;
2025.04.30-21.19.16;Soaporific;0002d39fe59d43dda7461fdbf9d65bd9;not_againOOHS;0002d80c512b44f1a1398abae384854d;Berta M9;1;PS5;PS5;
2025.04.30-21.23.35;OGz DelBoy;0002d8ab00ae449686f761dd9ca119f7;DG big native;0002aa7fe5444613a9d490007c405218;UAG;15;XSX;XSX;
2025.04.30-21.24.49;Revz3102;0002dd7e36b945b78079a5119914c955;OGz DelBoy;0002d8ab00ae449686f761dd9ca119f7;Mosin;203;XSX;XSX;
2025.04.30-21.25.14;Pjmpdaddy82;00023293db1c4b4082f69e2e97e6fd45;Trumps_wet_dream;00021b79ea16420587d3ace8a945d55e;VSD;186;XSX;PS5;
2025.04.30-21.25.23;TedTornado;0002a62a37fe448fa752fb47281e9de7;ChokingOnMilk;000274fb6744409d99e98a7435af8f51;NK417;166;XSX;XSX;
2025.04.30-21.26.26;not_againOOHS;0002d80c512b44f1a1398abae384854d;not_againOOHS;0002d80c512b44f1a1398abae384854d;suicide_by_relocation;0;PS5;PS5;
2025.04.30-21.26.47;Pjmpdaddy82;00023293db1c4b4082f69e2e97e6fd45;g36c_granate;00029b8eaf7a4ff8819855bf8046388b;VSD;175;XSX;PS5;
2025.04.30-21.27.36;BlowinSmoke710;00021e09c61a49bc8965b55765029fcb;BlowinSmoke710;00021e09c61a49bc8965b55765029fcb;suicide_by_relocation;0;PS5;PS5;
2025.04.30-21.28.57;NinjaaKiIler;0002111548a645d7a36da8bc051e7d9f;not_againOOHS;0002d80c512b44f1a1398abae384854d;Combat Knife;0;PS5;PS5;
2025.04.30-21.29.24;Sheogorath7846;00023ce2c5e54ff88c01da03cbdcba3c;Sheogorath7846;00023ce2c5e54ff88c01da03cbdcba3c;suicide_by_relocation;0;XSX;XSX;
2025.04.30-21.31.50;not_againOOHS;0002d80c512b44f1a1398abae384854d;BlowinSmoke710;00021e09c61a49bc8965b55765029fcb;Folding Knife;0;PS5;PS5;
2025.04.30-21.31.58;OGz DelBoy;0002d8ab00ae449686f761dd9ca119f7;OGz DelBoy;0002d8ab00ae449686f761dd9ca119f7;falling;0;XSX;XSX;
2025.04.30-21.32.00;ll BEAN0 ll;000224fa2b4e410aa86ab23c5cbf5cff;g36c_granate;00029b8eaf7a4ff8819855bf8046388b;Scorp;6;XSX;PS5;
2025.04.30-21.32.27;Revz3102;0002dd7e36b945b78079a5119914c955;OGz DelBoy;0002d8ab00ae449686f761dd9ca119f7;Mosin;238;XSX;XSX;
2025.04.30-21.32.33;NinjaaKiIler;0002111548a645d7a36da8bc051e7d9f;not_againOOHS;0002d80c512b44f1a1398abae384854d;Berta M9;4;PS5;PS5;
2025.04.30-21.33.00;NinjaaKiIler;0002111548a645d7a36da8bc051e7d9f;NinjaaKiIler;0002111548a645d7a36da8bc051e7d9f;suicide_by_relocation;0;PS5;PS5;
2025.04.30-21.33.43;ll BEAN0 ll;000224fa2b4e410aa86ab23c5cbf5cff;g36c_granate;00029b8eaf7a4ff8819855bf8046388b;NK417;7;XSX;PS5;
2025.04.30-21.34.12;Pjmpdaddy82;00023293db1c4b4082f69e2e97e6fd45;Sheogorath7846;00023ce2c5e54ff88c01da03cbdcba3c;UAG;79;XSX;XSX;
2025.04.30-21.34.59;BlowinSmoke710;00021e09c61a49bc8965b55765029fcb;NinjaaKiIler;0002111548a645d7a36da8bc051e7d9f;BB-19;2;PS5;PS5;
2025.04.30-21.35.07;BlowinSmoke710;00021e09c61a49bc8965b55765029fcb;not_againOOHS;0002d80c512b44f1a1398abae384854d;Berta M9;2;PS5;PS5;
2025.04.30-21.35.34;Pjmpdaddy82;00023293db1c4b4082f69e2e97e6fd45;DG big native;0002aa7fe5444613a9d490007c405218;VSD;216;XSX;XSX;
2025.04.30-21.35.56;Pjmpdaddy82;00023293db1c4b4082f69e2e97e6fd45;Revz3102;0002dd7e36b945b78079a5119914c955;VSD;245;XSX;XSX;
2025.04.30-21.36.52;mohahaha06;00021b4d2bf344a28f8121663e264dbb;mohahaha06;00021b4d2bf344a28f8121663e264dbb;suicide_by_relocation;0;PS5;PS5;
2025.04.30-21.37.02;BlowinSmoke710;00021e09c61a49bc8965b55765029fcb;BlowinSmoke710;00021e09c61a49bc8965b55765029fcb;suicide_by_relocation;0;PS5;PS5;
2025.04.30-21.37.09;OGz Trigger;0002999fd14f4fc8991b53e02c17dc5c;Trumps_wet_dream;00021b79ea16420587d3ace8a945d55e;UAG;13;XSX;PS5;
2025.04.30-21.37.59;Robbokit;0002500bf2014cecbef2c66b735fb106;MvTp_Bainesy-boi;00026825f37a480a8ed657011353b262;Grom;4;PS5;PS5;
2025.04.30-21.38.19;not_againOOHS;0002d80c512b44f1a1398abae384854d;BlowinSmoke710;00021e09c61a49bc8965b55765029fcb;Berta M9;2;PS5;PS5;
2025.04.30-21.38.25;ExHyper;000240ecc1ba45d59962bc2d34e0177e;ExHyper;000240ecc1ba45d59962bc2d34e0177e;falling;0;PS5;PS5;
2025.04.30-21.39.03;not_againOOHS;0002d80c512b44f1a1398abae384854d;NinjaaKiIler;0002111548a645d7a36da8bc051e7d9f;Berta M9;14;PS5;PS5;
2025.04.30-21.40.13;not_againOOHS;0002d80c512b44f1a1398abae384854d;NinjaaKiIler;0002111548a645d7a36da8bc051e7d9f;Berta M9;3;PS5;PS5;
2025.04.30-21.40.48;not_againOOHS;0002d80c512b44f1a1398abae384854d;not_againOOHS;0002d80c512b44f1a1398abae384854d;suicide_by_relocation;0;PS5;PS5;
2025.04.30-21.41.10;ll BEAN0 ll;000224fa2b4e410aa86ab23c5cbf5cff;DG big native;0002aa7fe5444613a9d490007c405218;Mosin;242;XSX;XSX;
2025.04.30-21.41.50;BlowinSmoke710;00021e09c61a49bc8965b55765029fcb;not_againOOHS;0002d80c512b44f1a1398abae384854d;Berta M9;1;PS5;PS5;
2025.04.30-21.42.24;BlowinSmoke710;00021e09c61a49bc8965b55765029fcb;NinjaaKiIler;0002111548a645d7a36da8bc051e7d9f;Berta M9;3;PS5;PS5;
2025.04.30-21.42.28;attacker92;0002f53bddbb4b45845d423ee4787691;attacker92;0002f53bddbb4b45845d423ee4787691;suicide_by_relocation;0;XSX;XSX;
2025.04.30-21.43.32;BlowinSmoke710;00021e09c61a49bc8965b55765029fcb;BlowinSmoke710;00021e09c61a49bc8965b55765029fcb;suicide_by_relocation;0;PS5;PS5;
2025.04.30-21.43.38;ExHyper;000240ecc1ba45d59962bc2d34e0177e;ExHyper;000240ecc1ba45d59962bc2d34e0177e;suicide_by_relocation;0;PS5;PS5;
2025.04.30-21.43.42;TedTornado;0002a62a37fe448fa752fb47281e9de7;Revz3102;0002dd7e36b945b78079a5119914c955;AR4-M;93;XSX;XSX;
2025.04.30-21.44.36;BlowinSmoke710;00021e09c61a49bc8965b55765029fcb;NinjaaKiIler;0002111548a645d7a36da8bc051e7d9f;Folding Knife;0;PS5;PS5;
2025.04.30-21.45.40;BlowinSmoke710;00021e09c61a49bc8965b55765029fcb;NinjaaKiIler;0002111548a645d7a36da8bc051e7d9f;Folding Knife;0;PS5;PS5;
2025.04.30-21.45.51;BlowinSmoke710;00021e09c61a49bc8965b55765029fcb;not_againOOHS;0002d80c512b44f1a1398abae384854d;Folding Knife;0;PS5;PS5;
2025.04.30-21.47.25;BlowinSmoke710;00021e09c61a49bc8965b55765029fcb;not_againOOHS;0002d80c512b44f1a1398abae384854d;BB-19;5;PS5;PS5;
2025.04.30-21.47.25;BlowinSmoke710;00021e09c61a49bc8965b55765029fcb;NinjaaKiIler;0002111548a645d7a36da8bc051e7d9f;BB-19;2;PS5;PS5;
2025.04.30-21.48.59;BlowinSmoke710;00021e09c61a49bc8965b55765029fcb;BlowinSmoke710;00021e09c61a49bc8965b55765029fcb;suicide_by_relocation;0;PS5;PS5;
2025.04.30-21.49.26;NinjaaKiIler;0002111548a645d7a36da8bc051e7d9f;not_againOOHS;0002d80c512b44f1a1398abae384854d;Berta M9;3;PS5;PS5;
2025.04.30-21.50.06;BlowinSmoke710;00021e09c61a49bc8965b55765029fcb;NinjaaKiIler;0002111548a645d7a36da8bc051e7d9f;Combat Knife;1;PS5;PS5;
2025.04.30-21.51.23;BlowinSmoke710;00021e09c61a49bc8965b55765029fcb;NinjaaKiIler;0002111548a645d7a36da8bc051e7d9f;Berta M9;1;PS5;PS5;
2025.04.30-21.53.04;BlowinSmoke710;00021e09c61a49bc8965b55765029fcb;NinjaaKiIler;0002111548a645d7a36da8bc051e7d9f;Berta M9;1;PS5;PS5;
2025.04.30-21.53.40;BlowinSmoke710;00021e09c61a49bc8965b55765029fcb;not_againOOHS;0002d80c512b44f1a1398abae384854d;Berta M9;1;PS5;PS5;
2025.04.30-21.54.43;BlowinSmoke710;00021e09c61a49bc8965b55765029fcb;BlowinSmoke710;00021e09c61a49bc8965b55765029fcb;suicide_by_relocation;0;PS5;PS5;
2025.04.30-21.55.05;NinjaaKiIler;0002111548a645d7a36da8bc051e7d9f;not_againOOHS;0002d80c512b44f1a1398abae384854d;Berta M9;3;PS5;PS5;
2025.04.30-21.55.38;ExHyper;000240ecc1ba45d59962bc2d34e0177e;ExHyper;000240ecc1ba45d59962bc2d34e0177e;suicide_by_relocation;0;PS5;PS5;
2025.04.30-21.56.52;not_againOOHS;0002d80c512b44f1a1398abae384854d;NinjaaKiIler;0002111548a645d7a36da8bc051e7d9f;Folding Knife;0;PS5;PS5;
2025.04.30-21.58.08;NinjaaKiIler;0002111548a645d7a36da8bc051e7d9f;NinjaaKiIler;0002111548a645d7a36da8bc051e7d9f;falling;0;PS5;PS5;
2025.04.30-21.59.12;not_againOOHS;0002d80c512b44f1a1398abae384854d;NinjaaKiIler;0002111548a645d7a36da8bc051e7d9f;Berta M9;7;PS5;PS5;
2025.04.30-22.01.23;not_againOOHS;0002d80c512b44f1a1398abae384854d;NinjaaKiIler;0002111548a645d7a36da8bc051e7d9f;Berta M9;5;PS5;PS5;
2025.04.30-22.03.15;not_againOOHS;0002d80c512b44f1a1398abae384854d;NinjaaKiIler;0002111548a645d7a36da8bc051e7d9f;Berta M9;2;PS5;PS5;
2025.04.30-22.04.11;not_againOOHS;0002d80c512b44f1a1398abae384854d;NinjaaKiIler;0002111548a645d7a36da8bc051e7d9f;Berta M9;4;PS5;PS5;
2025.04.30-22.05.28;Njshh;0002e69a65204b669c20238266782d7b;TedTornado;0002a62a37fe448fa752fb47281e9de7;UAG;26;PS5;XSX;
2025.04.30-22.05.29;Njshh;0002e69a65204b669c20238266782d7b;OGz DelBoy;0002d8ab00ae449686f761dd9ca119f7;UAG;24;PS5;XSX;
2025.04.30-22.05.51;not_againOOHS;0002d80c512b44f1a1398abae384854d;NinjaaKiIler;0002111548a645d7a36da8bc051e7d9f;Berta M9;6;PS5;PS5;
2025.04.30-22.06.20;Rjiku;0002055916024208a0c00352a448d9ee;OGz DelBoy;0002d8ab00ae449686f761dd9ca119f7;RPK-mod;34;PS5;XSX;
2025.04.30-22.07.53;not_againOOHS;0002d80c512b44f1a1398abae384854d;not_againOOHS;0002d80c512b44f1a1398abae384854d;suicide_by_relocation;0;PS5;PS5;
2025.04.30-22.07.55;Sheogorath7846;00023ce2c5e54ff88c01da03cbdcba3c;MvTp_Bainesy-boi;00026825f37a480a8ed657011353b262;IZH-43;9;XSX;PS5;
2025.04.30-22.08.24;BuIIet_Sponge_;0002960df7b943e9912f3f23f9f3e1a4;NinjaaKiIler;0002111548a645d7a36da8bc051e7d9f;Berta M9;1;PS5;PS5;
2025.04.30-22.09.17;DG big native;0002aa7fe5444613a9d490007c405218;AiMz_D-skitter;0002cc7e7c874857b1108202d2244b1a;land_vehicle;1;XSX;PS5;
2025.04.30-22.09.18;BuIIet_Sponge_;0002960df7b943e9912f3f23f9f3e1a4;NinjaaKiIler;0002111548a645d7a36da8bc051e7d9f;Berta M9;1;PS5;PS5;
2025.04.30-22.10.11;AiMz_Navasdenn;00027fda8eef448d8f44b65105b3b766;DG big native;0002aa7fe5444613a9d490007c405218;NK417;189;PS5;XSX;
2025.04.30-22.10.21;Revz3102;0002dd7e36b945b78079a5119914c955;iTz_Majestic_;00025375b2da46b79ed22e02a11d7a9a;Mosin;239;XSX;PS5;
2025.04.30-22.10.32;ChebMassager;0002df0ac60c4e38a8b1f69fda1e47c7;TOPSHOTTOM88;00021fea0ef747d4b5f7d3ef91b756c3;Mosin;129;PS5;XSX;
2025.04.30-22.10.55;BuIIet_Sponge_;0002960df7b943e9912f3f23f9f3e1a4;NinjaaKiIler;0002111548a645d7a36da8bc051e7d9f;Berta M9;6;PS5;PS5;
2025.04.30-22.11.04;Fatalben0;0002548521ba4271a497e39d5bfe5611;TedTornado;0002a62a37fe448fa752fb47281e9de7;AK-SM;1;XSX;XSX;
2025.04.30-22.11.15;ll BEAN0 ll;000224fa2b4e410aa86ab23c5cbf5cff;Fatalben0;0002548521ba4271a497e39d5bfe5611;Mosin;5;XSX;XSX;
2025.04.30-22.11.32;Pjmpdaddy82;00023293db1c4b4082f69e2e97e6fd45;OGz DelBoy;0002d8ab00ae449686f761dd9ca119f7;VSD;3;XSX;XSX;
2025.04.30-22.12.33;BuIIet_Sponge_;0002960df7b943e9912f3f23f9f3e1a4;not_againOOHS;0002d80c512b44f1a1398abae384854d;Berta M9;1;PS5;PS5;
2025.04.30-22.13.02;AiMz_Navasdenn;00027fda8eef448d8f44b65105b3b766;ChokingOnMilk;000274fb6744409d99e98a7435af8f51;Grom;9;PS5;XSX;
2025.04.30-22.13.14;BuIIet_Sponge_;0002960df7b943e9912f3f23f9f3e1a4;NinjaaKiIler;0002111548a645d7a36da8bc051e7d9f;Berta M9;2;PS5;PS5;
2025.04.30-22.14.08;iTz_Majestic_;00025375b2da46b79ed22e02a11d7a9a;DG big native;0002aa7fe5444613a9d490007c405218;Mosin;263;PS5;XSX;
2025.04.30-22.14.21;BuIIet_Sponge_;0002960df7b943e9912f3f23f9f3e1a4;NinjaaKiIler;0002111548a645d7a36da8bc051e7d9f;Berta M9;2;PS5;PS5;
2025.04.30-22.14.57;ExHyper;000240ecc1ba45d59962bc2d34e0177e;ExHyper;000240ecc1ba45d59962bc2d34e0177e;suicide_by_relocation;0;PS5;PS5;
2025.04.30-22.14.59;KT93141;00022ba2df89427c8a252ab6be1df3f3;AiMz_D-skitter;0002cc7e7c874857b1108202d2244b1a;Mosin;105;XSX;PS5;
2025.04.30-22.15.11;ll BEAN0 ll;000224fa2b4e410aa86ab23c5cbf5cff;X_HAIRRY_PUFF_X;0002207ca1b844b3bc4e948a9ce44f3f;AK-SM;17;XSX;PS5;
2025.04.30-22.15.36;iTz_Majestic_;00025375b2da46b79ed22e02a11d7a9a;KT93141;00022ba2df89427c8a252ab6be1df3f3;Mosin;160;PS5;XSX;
2025.04.30-22.15.51;BuIIet_Sponge_;0002960df7b943e9912f3f23f9f3e1a4;NinjaaKiIler;0002111548a645d7a36da8bc051e7d9f;Berta M9;2;PS5;PS5;
2025.04.30-22.16.00;AiMz_Navasdenn;00027fda8eef448d8f44b65105b3b766;Revz3102;0002dd7e36b945b78079a5119914c955;NK417;122;PS5;XSX;
2025.04.30-22.16.22;BuIIet_Sponge_;0002960df7b943e9912f3f23f9f3e1a4;not_againOOHS;0002d80c512b44f1a1398abae384854d;Berta M9;4;PS5;PS5;
2025.04.30-22.16.40;SupremeFighter_;00021e7e771b43e0a0d39aed21e7149d;Microkebaben;0002e054d3b24dc39c13cf1bd1a4e2af;Mosin;3;PS5;PS5;
2025.04.30-22.17.43;DG big native;0002aa7fe5444613a9d490007c405218;DG big native;0002aa7fe5444613a9d490007c405218;R-5;0;XSX;XSX;
2025.04.30-22.18.26;not_againOOHS;0002d80c512b44f1a1398abae384854d;NinjaaKiIler;0002111548a645d7a36da8bc051e7d9f;Folding Knife;0;PS5;PS5;
2025.04.30-22.18.27;BuIIet_Sponge_;0002960df7b943e9912f3f23f9f3e1a4;not_againOOHS;0002d80c512b44f1a1398abae384854d;Berta M9;4;PS5;PS5;
2025.04.30-22.19.36;BuIIet_Sponge_;0002960df7b943e9912f3f23f9f3e1a4;NinjaaKiIler;0002111548a645d7a36da8bc051e7d9f;Berta M9;5;PS5;PS5;
2025.04.30-22.19.49;ExHyper;000240ecc1ba45d59962bc2d34e0177e;ExHyper;000240ecc1ba45d59962bc2d34e0177e;falling;0;PS5;PS5;
2025.04.30-22.20.26;BuIIet_Sponge_;0002960df7b943e9912f3f23f9f3e1a4;not_againOOHS;0002d80c512b44f1a1398abae384854d;Berta M9;3;PS5;PS5;
2025.04.30-22.21.19;BuIIet_Sponge_;0002960df7b943e9912f3f23f9f3e1a4;NinjaaKiIler;0002111548a645d7a36da8bc051e7d9f;Berta M9;5;PS5;PS5;
2025.04.30-22.22.44;BuIIet_Sponge_;0002960df7b943e9912f3f23f9f3e1a4;not_againOOHS;0002d80c512b44f1a1398abae384854d;Berta M9;3;PS5;PS5;
2025.04.30-22.22.50;Fatalben0;0002548521ba4271a497e39d5bfe5611;Fatalben0;0002548521ba4271a497e39d5bfe5611;suicide_by_relocation;0;XSX;XSX;
2025.04.30-22.24.14;iTz_Majestic_;00025375b2da46b79ed22e02a11d7a9a;DG big native;0002aa7fe5444613a9d490007c405218;Mosin;294;PS5;XSX;
2025.04.30-22.24.32;not_againOOHS;0002d80c512b44f1a1398abae384854d;NinjaaKiIler;0002111548a645d7a36da8bc051e7d9f;Folding Knife;0;PS5;PS5;
2025.04.30-22.24.33;BuIIet_Sponge_;0002960df7b943e9912f3f23f9f3e1a4;not_againOOHS;0002d80c512b44f1a1398abae384854d;Fire Axe;0;PS5;PS5;
2025.04.30-22.25.36;BuIIet_Sponge_;0002960df7b943e9912f3f23f9f3e1a4;not_againOOHS;0002d80c512b44f1a1398abae384854d;Fire Axe;0;PS5;PS5;
2025.04.30-22.26.15;BuIIet_Sponge_;0002960df7b943e9912f3f23f9f3e1a4;NinjaaKiIler;0002111548a645d7a36da8bc051e7d9f;Fire Axe;0;PS5;PS5;
2025.04.30-22.26.25;Pjmpdaddy82;00023293db1c4b4082f69e2e97e6fd45;Pjmpdaddy82;00023293db1c4b4082f69e2e97e6fd45;suicide_by_relocation;0;XSX;XSX;
2025.04.30-22.27.44;Azzymcbo_;0002b615c8274c4487c8e7f17964e213;deathoverlord66;00024ceb44074e1b9786ccb4438cb386;NK417;88;PS5;PS5;
2025.04.30-22.27.44;BuIIet_Sponge_;0002960df7b943e9912f3f23f9f3e1a4;not_againOOHS;0002d80c512b44f1a1398abae384854d;Berta M9;2;PS5;PS5;
2025.04.30-22.27.46;X_HAIRRY_PUFF_X;0002207ca1b844b3bc4e948a9ce44f3f;X_HAIRRY_PUFF_X;0002207ca1b844b3bc4e948a9ce44f3f;suicide_by_relocation;0;PS5;PS5;
2025.04.30-22.28.54;BuIIet_Sponge_;0002960df7b943e9912f3f23f9f3e1a4;NinjaaKiIler;0002111548a645d7a36da8bc051e7d9f;Berta M9;1;PS5;PS5;
2025.04.30-22.29.08;OGz Trigger;0002999fd14f4fc8991b53e02c17dc5c;OGz Trigger;0002999fd14f4fc8991b53e02c17dc5c;suicide_by_relocation;0;XSX;XSX;
2025.04.30-22.30.18;BuIIet_Sponge_;0002960df7b943e9912f3f23f9f3e1a4;NinjaaKiIler;0002111548a645d7a36da8bc051e7d9f;Berta M9;2;PS5;PS5;
2025.04.30-22.31.55;BuIIet_Sponge_;0002960df7b943e9912f3f23f9f3e1a4;NinjaaKiIler;0002111548a645d7a36da8bc051e7d9f;Berta M9;2;PS5;PS5;
2025.04.30-22.31.59;AiMz_Navasdenn;00027fda8eef448d8f44b65105b3b766;ChokingOnMilk;000274fb6744409d99e98a7435af8f51;Grom;3;PS5;XSX;
2025.04.30-22.33.36;BuIIet_Sponge_;0002960df7b943e9912f3f23f9f3e1a4;NinjaaKiIler;0002111548a645d7a36da8bc051e7d9f;Berta M9;1;PS5;PS5;
2025.04.30-22.34.15;BuIIet_Sponge_;0002960df7b943e9912f3f23f9f3e1a4;deathoverlord66;00024ceb44074e1b9786ccb4438cb386;Berta M9;2;PS5;PS5;
2025.04.30-22.34.20;AiMz_D-skitter;0002cc7e7c874857b1108202d2244b1a;Revz3102;0002dd7e36b945b78079a5119914c955;AK-mod;29;PS5;XSX;
2025.04.30-22.34.28;DG big native;0002aa7fe5444613a9d490007c405218;AiMz_D-skitter;0002cc7e7c874857b1108202d2244b1a;AK-mod;22;XSX;PS5;
2025.04.30-22.34.36;AiMz_Navasdenn;00027fda8eef448d8f44b65105b3b766;DG big native;0002aa7fe5444613a9d490007c405218;Grom;7;PS5;XSX;
2025.04.30-22.34.50;BuIIet_Sponge_;0002960df7b943e9912f3f23f9f3e1a4;NinjaaKiIler;0002111548a645d7a36da8bc051e7d9f;Berta M9;2;PS5;PS5;
2025.04.30-22.34.54;BuIIet_Sponge_;0002960df7b943e9912f3f23f9f3e1a4;not_againOOHS;0002d80c512b44f1a1398abae384854d;Berta M9;3;PS5;PS5;
2025.04.30-22.37.10;BuIIet_Sponge_;0002960df7b943e9912f3f23f9f3e1a4;not_againOOHS;0002d80c512b44f1a1398abae384854d;Berta M9;2;PS5;PS5;
2025.04.30-22.38.01;BuIIet_Sponge_;0002960df7b943e9912f3f23f9f3e1a4;deathoverlord66;00024ceb44074e1b9786ccb4438cb386;Berta M9;1;PS5;PS5;
2025.04.30-22.38.04;BuIIet_Sponge_;0002960df7b943e9912f3f23f9f3e1a4;NinjaaKiIler;0002111548a645d7a36da8bc051e7d9f;Berta M9;2;PS5;PS5;
2025.04.30-22.38.48;AiMz_Navasdenn;00027fda8eef448d8f44b65105b3b766;ChokingOnMilk;000274fb6744409d99e98a7435af8f51;Grom;4;PS5;XSX;
2025.04.30-22.39.39;AiMz_D-skitter;0002cc7e7c874857b1108202d2244b1a;KT93141;00022ba2df89427c8a252ab6be1df3f3;AK-mod;3;PS5;XSX;
2025.04.30-22.39.48;BuIIet_Sponge_;0002960df7b943e9912f3f23f9f3e1a4;NinjaaKiIler;0002111548a645d7a36da8bc051e7d9f;Berta M9;2;PS5;PS5;
2025.04.30-22.39.49;BuIIet_Sponge_;0002960df7b943e9912f3f23f9f3e1a4;not_againOOHS;0002d80c512b44f1a1398abae384854d;Berta M9;2;PS5;PS5;
2025.04.30-22.39.50;BuIIet_Sponge_;0002960df7b943e9912f3f23f9f3e1a4;deathoverlord66;00024ceb44074e1b9786ccb4438cb386;Berta M9;4;PS5;PS5;
2025.04.30-22.40.04;Njshh;0002e69a65204b669c20238266782d7b;ll BEAN0 ll;000224fa2b4e410aa86ab23c5cbf5cff;UAG;40;PS5;XSX;
2025.04.30-22.40.14;Njshh;0002e69a65204b669c20238266782d7b;TedTornado;0002a62a37fe448fa752fb47281e9de7;UAG;56;PS5;XSX;
2025.04.30-22.40.49;BuIIet_Sponge_;0002960df7b943e9912f3f23f9f3e1a4;NinjaaKiIler;0002111548a645d7a36da8bc051e7d9f;Berta M9;2;PS5;PS5;
2025.04.30-22.40.53;BuIIet_Sponge_;0002960df7b943e9912f3f23f9f3e1a4;not_againOOHS;0002d80c512b44f1a1398abae384854d;Berta M9;3;PS5;PS5;
2025.04.30-22.41.33;X_HAIRRY_PUFF_X;0002207ca1b844b3bc4e948a9ce44f3f;ll BEAN0 ll;000224fa2b4e410aa86ab23c5cbf5cff;Mosin-K;21;PS5;XSX;
2025.04.30-22.42.54;not_againOOHS;0002d80c512b44f1a1398abae384854d;NinjaaKiIler;0002111548a645d7a36da8bc051e7d9f;Folding Knife;0;PS5;PS5;
2025.04.30-22.43.05;BuIIet_Sponge_;0002960df7b943e9912f3f23f9f3e1a4;not_againOOHS;0002d80c512b44f1a1398abae384854d;Berta M9;3;PS5;PS5;
2025.04.30-22.43.18;AiMz_D-skitter;0002cc7e7c874857b1108202d2244b1a;DG big native;0002aa7fe5444613a9d490007c405218;AK-mod;6;PS5;XSX;
2025.04.30-22.43.28;AiMz_Navasdenn;00027fda8eef448d8f44b65105b3b766;Revz3102;0002dd7e36b945b78079a5119914c955;Grom;26;PS5;XSX;
2025.04.30-22.43.40;BuIIet_Sponge_;0002960df7b943e9912f3f23f9f3e1a4;deathoverlord66;00024ceb44074e1b9786ccb4438cb386;Fire Axe;1;PS5;PS5;
2025.04.30-22.43.58;KT93141;00022ba2df89427c8a252ab6be1df3f3;AiMz_D-skitter;0002cc7e7c874857b1108202d2244b1a;MS590;9;XSX;PS5;
2025.04.30-22.44.02;AiMz_Navasdenn;00027fda8eef448d8f44b65105b3b766;KT93141;00022ba2df89427c8a252ab6be1df3f3;Grom;11;PS5;XSX;
2025.04.30-22.44.29;ExHyper;000240ecc1ba45d59962bc2d34e0177e;ExHyper;000240ecc1ba45d59962bc2d34e0177e;suicide_by_relocation;0;PS5;PS5;
2025.04.30-22.45.10;BuIIet_Sponge_;0002960df7b943e9912f3f23f9f3e1a4;NinjaaKiIler;0002111548a645d7a36da8bc051e7d9f;Berta M9;1;PS5;PS5;
2025.04.30-22.45.11;BuIIet_Sponge_;0002960df7b943e9912f3f23f9f3e1a4;not_againOOHS;0002d80c512b44f1a1398abae384854d;Berta M9;3;PS5;PS5;
2025.04.30-22.45.11;BuIIet_Sponge_;0002960df7b943e9912f3f23f9f3e1a4;deathoverlord66;00024ceb44074e1b9786ccb4438cb386;Berta M9;4;PS5;PS5;
2025.04.30-22.46.11;not_againOOHS;0002d80c512b44f1a1398abae384854d;NinjaaKiIler;0002111548a645d7a36da8bc051e7d9f;Folding Knife;0;PS5;PS5;
2025.04.30-22.46.15;BuIIet_Sponge_;0002960df7b943e9912f3f23f9f3e1a4;not_againOOHS;0002d80c512b44f1a1398abae384854d;Berta M9;2;PS5;PS5;
2025.04.30-22.48.19;BuIIet_Sponge_;0002960df7b943e9912f3f23f9f3e1a4;NinjaaKiIler;0002111548a645d7a36da8bc051e7d9f;Berta M9;2;PS5;PS5;
2025.04.30-22.48.20;BuIIet_Sponge_;0002960df7b943e9912f3f23f9f3e1a4;not_againOOHS;0002d80c512b44f1a1398abae384854d;Berta M9;3;PS5;PS5;
2025.04.30-22.48.53;Serial Nince;00028d6911a042fa87402625e0b961e0;Serial Nince;00028d6911a042fa87402625e0b961e0;suicide_by_relocation;0;XSX;XSX;
2025.04.30-22.50.43;BuIIet_Sponge_;0002960df7b943e9912f3f23f9f3e1a4;NinjaaKiIler;0002111548a645d7a36da8bc051e7d9f;Berta M9;2;PS5;PS5;
2025.04.30-22.50.48;BuIIet_Sponge_;0002960df7b943e9912f3f23f9f3e1a4;deathoverlord66;00024ceb44074e1b9786ccb4438cb386;Fire Axe;0;PS5;PS5;
2025.04.30-22.50.49;BuIIet_Sponge_;0002960df7b943e9912f3f23f9f3e1a4;not_againOOHS;0002d80c512b44f1a1398abae384854d;Fire Axe;0;PS5;PS5;
2025.04.30-22.52.19;BuIIet_Sponge_;0002960df7b943e9912f3f23f9f3e1a4;NinjaaKiIler;0002111548a645d7a36da8bc051e7d9f;Fire Axe;0;PS5;PS5;
2025.04.30-22.52.20;BuIIet_Sponge_;0002960df7b943e9912f3f23f9f3e1a4;not_againOOHS;0002d80c512b44f1a1398abae384854d;Fire Axe;1;PS5;PS5;
2025.04.30-22.52.31;BuIIet_Sponge_;0002960df7b943e9912f3f23f9f3e1a4;deathoverlord66;00024ceb44074e1b9786ccb4438cb386;Fire Axe;0;PS5;PS5;
2025.04.30-22.53.59;AiMz_Navasdenn;00027fda8eef448d8f44b65105b3b766;DG big native;0002aa7fe5444613a9d490007c405218;Grom;6;PS5;XSX;
2025.04.30-22.54.04;BuIIet_Sponge_;0002960df7b943e9912f3f23f9f3e1a4;NinjaaKiIler;0002111548a645d7a36da8bc051e7d9f;Fire Axe;0;PS5;PS5;
2025.04.30-22.54.41;AiMz_D-skitter;0002cc7e7c874857b1108202d2244b1a;Revz3102;0002dd7e36b945b78079a5119914c955;R-5;14;PS5;XSX;
2025.04.30-22.54.48;BuIIet_Sponge_;0002960df7b943e9912f3f23f9f3e1a4;not_againOOHS;0002d80c512b44f1a1398abae384854d;Fire Axe;1;PS5;PS5;
2025.04.30-22.55.52;BuIIet_Sponge_;0002960df7b943e9912f3f23f9f3e1a4;NinjaaKiIler;0002111548a645d7a36da8bc051e7d9f;Fire Axe;0;PS5;PS5;
2025.04.30-22.56.18;BuIIet_Sponge_;0002960df7b943e9912f3f23f9f3e1a4;deathoverlord66;00024ceb44074e1b9786ccb4438cb386;Fire Axe;0;PS5;PS5;
2025.04.30-22.57.34;BuIIet_Sponge_;0002960df7b943e9912f3f23f9f3e1a4;not_againOOHS;0002d80c512b44f1a1398abae384854d;Fire Axe;0;PS5;PS5;
2025.04.30-22.57.36;BuIIet_Sponge_;0002960df7b943e9912f3f23f9f3e1a4;NinjaaKiIler;0002111548a645d7a36da8bc051e7d9f;Fire Axe;0;PS5;PS5;
2025.04.30-22.58.44;not_againOOHS;0002d80c512b44f1a1398abae384854d;deathoverlord66;00024ceb44074e1b9786ccb4438cb386;Folding Knife;0;PS5;PS5;
2025.04.30-22.58.48;BuIIet_Sponge_;0002960df7b943e9912f3f23f9f3e1a4;not_againOOHS;0002d80c512b44f1a1398abae384854d;Fire Axe;1;PS5;PS5;
2025.04.30-22.59.11;Pjmpdaddy82;00023293db1c4b4082f69e2e97e6fd45;Pjmpdaddy82;00023293db1c4b4082f69e2e97e6fd45;suicide_by_relocation;0;XSX;XSX;
2025.04.30-23.00.01;BuIIet_Sponge_;0002960df7b943e9912f3f23f9f3e1a4;NinjaaKiIler;0002111548a645d7a36da8bc051e7d9f;Fire Axe;0;PS5;PS5;
2025.04.30-23.00.27;ExHyper;000240ecc1ba45d59962bc2d34e0177e;ExHyper;000240ecc1ba45d59962bc2d34e0177e;suicide_by_relocation;0;PS5;PS5;
2025.04.30-23.00.49;BuIIet_Sponge_;0002960df7b943e9912f3f23f9f3e1a4;not_againOOHS;0002d80c512b44f1a1398abae384854d;Fire Axe;0;PS5;PS5;
2025.04.30-23.01.54;ZoRo8740;0002f4bfa4964fd982602eeeaf3d7448;ZoRo8740;0002f4bfa4964fd982602eeeaf3d7448;suicide_by_relocation;0;XSX;XSX;
2025.04.30-23.02.16;BuIIet_Sponge_;0002960df7b943e9912f3f23f9f3e1a4;deathoverlord66;00024ceb44074e1b9786ccb4438cb386;Fire Axe;0;PS5;PS5;
2025.04.30-23.03.06;BuIIet_Sponge_;0002960df7b943e9912f3f23f9f3e1a4;not_againOOHS;0002d80c512b44f1a1398abae384854d;Fire Axe;1;PS5;PS5;
2025.04.30-23.03.58;not_againOOHS;0002d80c512b44f1a1398abae384854d;deathoverlord66;00024ceb44074e1b9786ccb4438cb386;Folding Knife;0;PS5;PS5;
2025.04.30-23.06.43;ExHyper;000240ecc1ba45d59962bc2d34e0177e;ExHyper;000240ecc1ba45d59962bc2d34e0177e;suicide_by_relocation;0;PS5;PS5;
2025.04.30-23.12.26;ExHyper;000240ecc1ba45d59962bc2d34e0177e;ExHyper;000240ecc1ba45d59962bc2d34e0177e;suicide_by_relocation;0;PS5;PS5;
2025.04.30-23.28.55;BuIIet_Sponge_;0002960df7b943e9912f3f23f9f3e1a4;BuIIet_Sponge_;0002960df7b943e9912f3f23f9f3e1a4;suicide_by_relocation;0;PS5;PS5;
2025.04.30-23.30.32;ExHyper;000240ecc1ba45d59962bc2d34e0177e;SAMSLFC89;0002d5c37f324cf1bd9c56f91fc68569;AK-SU;7;PS5;XSX;
2025.04.30-23.32.25;Azzymcbo_;0002b615c8274c4487c8e7f17964e213;Serial Nince;00028d6911a042fa87402625e0b961e0;NK417;152;PS5;XSX;
2025.04.30-23.34.54;AiMz_D-skitter;0002cc7e7c874857b1108202d2244b1a;Rjiku;0002055916024208a0c00352a448d9ee;Mosin;55;PS5;PS5;
2025.04.30-23.34.57;Njshh;0002e69a65204b669c20238266782d7b;AiMz_D-skitter;0002cc7e7c874857b1108202d2244b1a;UAG;35;PS5;PS5;
2025.04.30-23.35.59;HallagerTheDane;00024d4be1e44ba0aa342b39b0fb9937;Azzymcbo_;0002b615c8274c4487c8e7f17964e213;VSD;98;PS5;PS5;
2025.04.30-23.36.21;SupremeFighter_;00021e7e771b43e0a0d39aed21e7149d;BuIIet_Sponge_;0002960df7b943e9912f3f23f9f3e1a4;AK-mod;6;PS5;PS5;
2025.04.30-23.36.31;HallagerTheDane;00024d4be1e44ba0aa342b39b0fb9937;SupremeFighter_;00021e7e771b43e0a0d39aed21e7149d;AR4-M;17;PS5;PS5;
2025.04.30-23.36.37;Njshh;0002e69a65204b669c20238266782d7b;AiMz_D-skitter;0002cc7e7c874857b1108202d2244b1a;UAG;30;PS5;PS5;
2025.04.30-23.41.53;Azzymcbo_;0002b615c8274c4487c8e7f17964e213;Azzymcbo_;0002b615c8274c4487c8e7f17964e213;suicide_by_relocation;0;PS5;PS5;
2025.04.30-23.48.33;Revz3102;0002dd7e36b945b78079a5119914c955;Serial Nince;00028d6911a042fa87402625e0b961e0;Mosin;122;XSX;XSX;
2025.04.30-23.58.45;OGz Shogun;0002b3c1884e4c10b0c6850466cbff5d;OGz Shogun;0002b3c1884e4c10b0c6850466cbff5d;suicide_by_relocation;0;XSX;XSX;
